COMPETITOR,January,February,March,April,May,June,July,August,September,October,November,December,Year
Competitor-1,2.789,1.759,2.729,3.069,2.789,3.479,2.839,2.349,2.019,1.629,1.699,2.089,2017
Competitor-2,1.989,2.009,2.919,2.299,2.249,3.289,3.299,2.499,2.629,2.599,1.509,2.119,2017
Competitor-3,2.449,2.519,3.399,2.819,2.939,3.499,2.289,2.249,1.629,1.859,2.479,2.789,2017
Competitor-4,2.659,2.249,2.399,2.759,2.599,3.449,2.559,3.039,1.769,1.739,2.309,2.159,2017
Competitor-5,1.709,2.089,2.669,2.829,3.369,2.689,3.499,2.779,2.049,2.169,2.289,2.519,2017
Competitor-6,2.229,1.369,2.759,2.479,3.159,3.109,2.859,2.649,2.429,2.429,1.559,1.729,2017
Competitor-7,2.829,1.349,2.899,2.759,2.639,2.949,3.449,3.279,2.599,2.339,1.649,2.429,2017
Competitor-8,2.739,1.539,2.479,3.239,2.909,2.269,3.069,2.679,1.359,2.699,2.499,1.709,2017
Competitor-9,1.759,2.449,3.039,2.539,2.559,3.389,2.339,2.309,1.609,2.239,2.189,2.089,2017
Competitor-10,1.869,2.319,3.319,2.789,2.379,2.529,3.219,2.739,1.709,1.969,1.899,1.809,2017
Competitor-11,2.209,1.559,2.719,3.119,3.089,3.289,3.199,3.379,2.769,1.399,2.669,2.519,2017
Competitor-12,2.349,2.469,2.579,3.059,3.119,2.299,3.299,2.499,1.649,1.709,2.509,1.379,2017
Competitor-13,1.369,2.279,2.359,2.989,3.109,2.429,2.929,2.409,2.409,2.429,2.339,2.639,2017
Competitor-14,2.169,2.539,2.389,2.879,3.229,2.509,2.349,2.619,1.429,2.189,1.809,2.589,2017
Competitor-15,1.899,1.469,3.319,2.629,2.539,3.259,3.119,2.819,2.479,1.999,1.659,2.519,2017
Competitor-16,1.679,1.749,2.669,3.189,3.379,2.589,3.499,2.769,2.549,1.779,2.289,1.839,2017
Competitor-17,1.859,2.709,3.419,3.459,3.449,3.139,2.489,3.089,1.979,2.219,2.469,2.269,2017
Competitor-18,2.429,1.619,2.889,2.779,3.379,3.269,2.669,3.009,2.239,1.699,1.429,2.259,2017
Competitor-19,2.449,2.289,2.909,3.089,2.619,2.429,2.939,2.609,2.669,2.379,2.609,2.459,2017
Competitor-20,2.559,2.759,3.459,3.089,3.009,2.869,2.909,2.669,2.589,1.609,2.659,2.329,2017
Competitor-21,2.799,2.069,3.019,2.739,2.629,3.469,3.309,2.349,1.609,1.959,1.379,1.539,2017
Competitor-22,1.899,2.509,2.419,2.799,3.149,3.399,2.889,2.569,1.559,1.649,2.429,2.579,2017
Competitor-23,2.269,2.649,2.299,3.059,2.469,3.379,3.159,3.289,1.589,1.829,1.799,1.589,2017
Competitor-24,2.189,2.589,3.209,3.409,2.269,3.379,3.479,2.669,2.529,2.369,2.729,2.429,2017
Competitor-25,2.609,2.769,2.309,2.809,2.559,3.069,3.429,3.239,1.859,2.639,1.909,1.979,2017
Competitor-26,1.319,1.629,3.339,2.509,2.809,2.319,2.289,2.429,2.479,1.589,1.649,1.969,2017
Competitor-27,2.089,2.749,3.319,3.069,2.479,2.989,2.779,3.349,1.519,1.539,2.789,2.489,2017
Competitor-28,2.079,2.699,2.569,2.239,3.319,2.989,2.539,2.909,1.449,2.499,2.519,1.609,2017
Competitor-29,1.949,1.639,3.259,2.499,2.489,2.829,2.459,2.439,1.899,1.949,2.779,1.429,2017
Competitor-30,2.059,2.549,3.339,3.499,2.999,3.049,3.139,3.509,2.829,2.209,1.369,1.359,2017
Competitor-31,1.399,1.679,2.679,2.759,2.509,2.429,3.409,3.379,2.809,1.579,2.299,2.179,2017
Competitor-32,1.709,2.329,2.529,2.579,3.509,3.469,2.789,3.429,1.579,2.739,2.229,1.949,2017
Competitor-33,2.199,2.339,2.259,3.289,2.439,2.459,2.689,2.559,1.559,2.069,1.789,2.259,2017
Competitor-34,2.049,2.669,2.469,3.319,2.249,2.539,2.459,2.749,1.929,2.759,2.379,2.459,2017
Competitor-35,1.389,2.129,3.389,2.619,2.679,2.779,3.279,3.529,2.449,2.749,1.579,1.389,2017
Competitor-36,2.579,2.709,3.309,2.999,3.459,3.469,3.469,2.389,1.869,2.609,2.729,1.799,2017
Competitor-37,2.109,2.189,3.459,2.719,2.949,2.509,3.469,2.749,2.089,2.219,1.979,1.509,2017
Competitor-38,1.809,2.249,2.489,2.939,2.359,3.329,2.559,3.399,1.999,1.809,2.289,2.599,2017
Competitor-39,1.419,1.529,3.109,2.659,2.599,2.989,3.349,2.349,1.309,2.279,2.059,2.189,2017
Competitor-40,2.439,2.439,3.149,3.039,3.069,3.169,3.479,3.119,2.499,1.549,1.869,2.429,2017
Competitor-41,2.189,2.139,3.209,2.929,3.369,2.489,3.199,2.279,2.029,2.379,1.669,2.139,2017
Competitor-42,1.779,1.999,3.519,3.149,3.199,2.639,2.849,2.589,1.329,1.819,2.309,1.729,2017
Competitor-43,1.689,2.179,3.489,3.359,3.359,2.929,2.769,2.639,2.739,2.809,2.039,1.449,2017
Competitor-44,1.829,1.909,2.349,2.519,3.279,2.319,2.439,3.489,2.359,1.829,2.219,2.459,2017
Competitor-45,1.519,2.179,2.789,2.639,3.389,2.599,3.219,2.419,2.399,1.799,1.689,2.759,2017
Competitor-46,2.759,1.809,3.479,3.279,2.989,2.879,2.449,2.859,2.489,1.319,1.839,1.779,2017
Competitor-47,1.949,1.759,2.479,3.319,2.439,3.339,3.329,3.509,2.509,2.149,2.079,1.919,2017
Competitor-48,1.449,1.449,3.389,3.519,2.509,2.969,2.309,3.449,1.929,1.579,2.069,2.359,2017
Competitor-49,2.549,2.639,2.379,3.529,3.309,2.449,3.459,3.369,2.209,1.859,2.809,1.629,2017
Competitor-50,1.329,2.219,2.399,2.879,2.899,3.439,2.649,2.879,2.159,2.409,1.309,1.999,2017
Competitor-51,1.889,1.589,2.229,2.699,2.969,3.169,2.489,2.899,2.779,2.229,1.649,1.399,2017
Competitor-52,2.509,1.399,3.369,2.569,2.289,2.919,2.239,2.539,2.399,2.239,1.989,2.709,2017
Competitor-53,1.809,1.349,2.699,3.119,2.979,3.169,2.279,3.179,1.949,1.729,1.749,2.809,2017
Competitor-54,1.509,2.469,2.329,3.199,3.139,2.239,2.399,2.669,1.369,1.909,2.609,1.889,2017
Competitor-55,2.059,2.379,3.039,2.829,2.759,3.299,2.939,2.599,1.559,2.469,1.379,1.449,2017
Competitor-56,2.759,1.369,2.899,3.049,2.839,2.299,3.169,3.469,1.969,1.999,2.369,2.099,2017
Competitor-57,1.519,2.379,3.159,2.969,3.019,3.359,2.499,2.519,1.989,1.639,1.719,2.599,2017
Competitor-58,1.859,2.119,3.199,2.579,2.389,2.899,3.259,2.609,1.679,1.919,2.089,2.699,2017
Competitor-59,2.279,2.189,3.439,2.969,3.159,3.289,2.869,3.439,1.529,2.439,1.659,2.809,2017
Competitor-60,2.399,2.149,2.919,2.619,3.499,2.319,2.249,2.539,1.929,2.799,2.439,1.779,2017
Competitor-61,2.259,1.819,3.499,2.649,2.869,2.829,3.129,3.209,2.289,2.119,2.479,2.219,2017
Competitor-62,1.719,2.259,2.839,3.439,2.709,3.489,3.399,2.409,2.639,2.549,2.519,1.909,2017
Competitor-63,1.509,1.489,2.529,2.319,3.289,2.689,3.029,3.029,1.529,1.659,2.159,1.819,2017
Competitor-64,1.689,2.159,2.929,2.459,3.389,3.179,2.989,2.859,2.689,1.979,1.449,2.769,2017
Competitor-65,1.729,1.999,2.229,2.669,3.279,3.099,2.829,2.299,2.229,2.739,2.699,2.249,2017
Competitor-66,1.969,1.629,2.379,2.599,3.079,3.269,2.829,2.629,2.699,2.469,1.399,1.449,2017
Competitor-67,1.499,1.639,2.479,3.219,2.889,3.509,3.429,2.949,2.329,1.979,1.889,1.609,2017
Competitor-68,1.859,1.939,2.809,2.719,3.319,3.449,3.279,3.169,1.699,1.539,2.079,2.369,2017
Competitor-69,1.519,2.739,3.379,3.299,3.059,3.249,2.699,2.339,2.079,2.289,2.299,2.579,2017
Competitor-70,2.629,1.549,3.279,3.129,2.369,3.059,3.329,2.699,1.759,2.179,2.039,2.489,2017
Competitor-71,2.669,1.719,3.149,2.529,2.419,3.039,3.179,2.409,1.879,1.339,2.539,1.569,2017
Competitor-72,1.889,1.329,2.289,2.639,3.119,2.479,3.039,2.479,1.739,2.649,2.199,1.589,2017
Competitor-73,2.509,1.869,3.319,3.079,2.459,3.469,3.089,2.579,2.699,1.599,2.259,1.639,2017
Competitor-74,1.709,2.169,3.209,2.939,3.519,2.779,2.479,3.189,2.269,1.609,2.269,2.619,2017
Competitor-75,2.169,2.349,2.659,3.229,2.899,2.979,3.199,2.239,1.549,1.869,1.989,1.799,2017
Competitor-76,1.959,1.589,3.399,2.809,2.949,3.199,3.029,3.269,2.669,2.179,1.819,1.629,2017
Competitor-77,1.979,2.559,2.609,2.689,3.369,2.299,2.699,3.049,1.569,2.249,1.819,1.469,2017
Competitor-78,2.569,1.719,3.359,3.069,3.429,3.189,3.189,3.139,2.769,1.759,2.589,1.819,2017
Competitor-79,2.289,2.759,3.189,3.519,3.279,2.929,3.349,2.569,1.509,2.819,2.269,1.849,2017
Competitor-80,1.749,1.849,3.169,2.869,2.969,2.579,3.409,2.249,2.349,2.479,1.759,2.769,2017
Competitor-81,2.809,1.699,3.399,2.799,2.909,2.319,2.369,3.469,1.709,2.079,1.439,1.489,2017
Competitor-82,2.219,2.509,2.849,2.269,2.579,2.369,2.789,2.249,1.359,1.559,2.479,1.639,2017
Competitor-83,2.019,2.479,2.829,3.369,3.199,3.439,2.819,3.029,2.549,2.489,2.219,1.809,2017
Competitor-84,2.579,1.489,3.189,2.759,3.299,2.399,3.439,2.649,2.319,2.709,2.759,2.289,2017
Competitor-85,1.469,2.169,2.959,2.759,3.039,3.519,2.929,3.519,2.109,2.789,2.699,1.789,2017
Competitor-86,2.469,1.519,2.449,2.469,2.779,2.309,3.119,2.809,2.099,1.359,2.489,2.319,2017
Competitor-87,1.789,1.869,2.849,2.959,2.539,2.919,3.109,3.069,2.809,2.609,2.229,1.769,2017
Competitor-88,1.879,1.709,3.189,3.069,2.949,2.719,2.369,2.649,2.559,1.879,2.159,1.709,2017
Competitor-89,2.179,2.249,2.639,3.139,2.259,2.239,3.259,3.319,2.599,1.449,1.819,2.009,2017
Competitor-90,1.809,2.349,3.129,2.659,2.399,3.359,2.949,3.489,1.529,1.939,2.239,1.379,2017
Competitor-91,1.539,2.789,2.309,3.049,2.439,2.499,2.449,2.889,2.609,1.409,1.509,2.789,2017
Competitor-92,1.309,1.949,3.209,3.459,2.809,3.069,3.379,2.599,1.779,2.619,2.289,2.379,2017
Competitor-93,1.619,1.649,3.059,2.479,3.019,3.239,3.349,3.189,2.399,2.289,2.629,2.479,2017
Competitor-94,2.619,1.579,2.669,2.469,2.989,2.319,3.049,3.359,2.529,2.799,1.729,2.499,2017
Competitor-95,1.579,1.409,2.639,2.619,2.859,3.509,3.289,3.389,1.549,2.109,1.919,1.749,2017
Competitor-96,2.759,2.459,3.079,3.399,2.429,2.439,2.899,2.369,2.419,2.739,1.629,2.409,2017
Competitor-97,1.359,1.789,2.919,3.359,3.239,3.489,2.979,2.689,1.619,2.449,2.069,2.089,2017
Competitor-98,2.179,1.609,2.739,2.599,2.229,3.149,2.639,3.219,2.689,2.649,2.279,1.629,2017
Competitor-99,2.169,1.769,3.069,2.899,3.429,3.509,3.339,3.129,2.539,2.439,2.779,2.649,2017
Competitor-100,2.469,2.739,3.239,2.609,3.329,2.839,2.829,2.399,2.389,2.289,2.599,1.989,2017
Competitor-101,2.079,2.359,2.819,2.699,3.449,2.999,3.299,2.299,1.749,2.619,1.489,1.999,2017
Competitor-102,1.699,1.909,2.389,2.719,2.399,3.209,2.909,2.849,2.189,2.329,1.759,1.939,2017
Competitor-103,2.669,1.639,3.059,2.659,2.949,2.229,2.939,2.809,2.009,2.329,2.559,2.679,2017
Competitor-104,1.349,2.499,2.479,2.339,2.379,3.479,2.699,3.179,2.649,1.589,2.269,2.089,2017
Competitor-105,2.269,1.519,2.379,3.119,3.279,2.959,3.009,2.539,2.339,2.349,1.699,1.549,2017
Competitor-106,2.129,2.769,3.469,3.259,3.259,2.689,3.379,2.879,2.009,2.339,2.589,1.869,2017
Competitor-107,2.419,1.909,2.399,2.719,3.069,2.229,2.869,2.739,1.809,1.559,1.669,1.739,2017
Competitor-108,2.819,1.459,3.349,3.169,2.649,3.159,2.709,2.379,2.289,1.329,1.369,2.409,2017
Competitor-109,1.539,1.339,2.719,2.949,2.579,2.529,3.219,3.339,2.169,1.459,2.759,1.799,2017
Competitor-110,2.179,1.589,3.289,3.339,2.729,2.519,2.949,3.089,1.759,2.259,1.699,1.819,2017
Competitor-111,1.519,1.419,2.289,2.339,2.939,3.049,3.529,2.469,1.359,2.029,1.589,2.419,2017
Competitor-112,2.089,2.069,2.759,3.459,3.059,2.359,2.649,3.219,2.239,1.829,2.509,1.409,2017
Competitor-113,2.359,2.119,3.139,2.879,2.759,2.699,2.259,2.879,1.939,2.239,2.309,2.389,2017
Competitor-114,1.819,1.409,2.949,3.199,2.889,3.129,2.369,2.269,1.569,1.999,2.639,2.489,2017
Competitor-115,2.129,2.589,3.189,3.239,3.089,2.729,3.379,2.999,1.959,1.469,1.359,1.339,2017
Competitor-116,1.949,1.639,2.359,2.969,2.289,3.049,3.099,2.559,1.909,2.149,1.599,1.929,2017
Competitor-117,2.619,2.009,2.999,2.659,2.339,3.179,2.739,3.419,2.079,2.789,1.949,2.719,2017
Competitor-118,2.579,2.059,3.329,2.509,2.619,2.389,2.359,3.049,2.069,2.089,1.379,2.559,2017
Competitor-119,2.749,1.859,3.269,2.549,2.469,2.239,2.249,3.439,2.449,1.899,2.449,2.619,2017
Competitor-120,1.599,2.739,2.799,2.459,2.479,2.439,2.429,2.559,2.489,2.659,2.309,2.659,2017
Competitor-121,1.399,1.989,2.499,2.419,2.969,2.939,2.569,3.019,1.809,2.409,1.549,2.389,2017
Competitor-122,1.779,1.629,2.389,3.269,3.399,2.549,2.539,2.859,1.529,2.689,1.439,2.189,2017
Competitor-123,1.559,2.049,2.819,3.389,2.899,3.159,3.449,3.029,2.449,1.599,2.469,1.529,2017
Competitor-124,1.609,1.559,3.259,2.519,3.199,3.169,3.349,2.639,1.609,2.299,1.749,2.089,2017
Competitor-125,1.489,2.299,3.149,2.569,3.309,3.089,3.089,3.439,1.779,2.419,2.299,1.579,2017
Competitor-126,1.349,2.719,2.599,2.329,2.739,2.309,3.339,2.889,2.339,2.389,1.709,2.269,2017
Competitor-127,1.429,2.479,2.639,2.449,3.209,2.849,3.049,3.399,2.449,1.959,2.769,2.589,2017
Competitor-128,2.519,1.599,2.939,3.049,2.629,3.439,3.269,2.999,1.759,2.719,1.629,2.609,2017
Competitor-129,2.469,2.419,2.639,2.909,2.819,3.289,3.239,2.679,1.339,2.189,2.709,2.679,2017
Competitor-130,2.679,2.039,2.339,3.259,2.369,2.229,3.349,2.779,1.549,2.669,2.809,1.639,2017
Competitor-131,2.649,1.789,3.389,2.599,2.279,3.079,2.269,2.949,2.249,2.349,1.719,2.419,2017
Competitor-132,1.429,2.209,3.029,2.919,3.039,3.389,2.829,3.079,2.039,1.789,2.509,1.599,2017
Competitor-133,1.629,2.259,2.299,2.769,2.909,2.389,2.669,2.669,2.249,1.989,2.019,2.009,2017
Competitor-134,1.829,1.909,3.489,2.999,2.919,2.289,2.399,3.439,1.349,2.229,2.169,1.389,2017
Competitor-135,2.179,2.009,2.669,2.639,2.749,2.619,3.309,2.489,1.639,2.119,1.729,2.609,2017
Competitor-136,1.989,1.629,2.509,2.939,2.469,2.699,3.109,3.379,1.969,2.519,1.319,2.229,2017
Competitor-137,2.469,2.169,2.499,3.079,2.839,2.619,3.129,3.379,1.559,2.489,1.999,2.699,2017
Competitor-138,1.779,2.739,3.399,3.399,2.389,3.279,2.289,2.449,2.199,1.309,2.219,2.729,2017
Competitor-139,1.829,1.709,2.709,3.429,2.779,2.759,2.779,3.439,1.969,2.079,2.009,2.049,2017
Competitor-140,1.709,2.769,3.459,2.579,2.979,2.999,2.469,2.299,2.359,2.049,2.449,2.059,2017
Competitor-141,1.459,1.629,2.819,2.559,3.289,2.429,2.419,3.059,2.719,2.719,1.989,1.319,2017
Competitor-142,1.499,1.699,3.429,2.919,2.259,3.189,2.409,2.909,2.419,2.379,1.449,2.419,2017
Competitor-143,2.609,2.539,2.949,2.439,2.849,3.399,2.319,3.169,1.969,2.269,1.399,2.559,2017
Competitor-144,2.089,2.539,2.549,2.469,2.429,3.029,3.199,2.689,1.539,2.639,2.109,1.799,2017
Competitor-145,1.399,2.649,3.189,2.459,2.259,2.529,3.339,2.379,1.969,2.709,2.279,2.549,2017
Competitor-146,2.039,2.749,2.649,3.259,3.429,3.199,3.119,2.929,1.509,2.209,2.549,2.279,2017
Competitor-147,2.079,1.719,2.879,3.159,2.359,2.239,3.199,2.329,2.219,2.669,1.369,1.999,2017
Competitor-148,1.559,2.089,2.809,2.339,2.699,2.669,3.239,3.129,1.659,2.289,1.819,1.369,2017
Competitor-149,2.379,1.699,3.059,2.279,2.549,2.359,2.819,2.969,2.459,1.979,2.359,1.439,2017
Competitor-150,1.319,2.799,2.289,2.569,2.329,2.299,3.279,3.489,1.859,1.929,2.399,2.239,2017
Competitor-151,2.159,2.309,3.309,2.859,2.499,2.509,3.089,2.299,1.989,1.809,1.819,2.079,2017
Competitor-152,2.729,1.579,2.849,3.389,3.309,3.479,2.349,2.419,2.249,1.599,1.339,2.819,2017
Competitor-153,1.969,1.859,2.729,3.169,3.479,2.829,2.859,2.979,2.189,1.699,2.099,2.769,2017
Competitor-154,1.639,1.649,2.959,2.689,2.659,3.109,2.769,2.599,2.739,1.499,1.559,2.409,2017
Competitor-155,2.119,2.619,3.439,3.349,3.019,3.429,2.419,2.589,1.679,1.519,1.379,2.769,2017
Competitor-156,2.539,1.739,3.059,3.419,2.729,3.029,3.179,3.369,1.369,1.429,2.409,2.419,2017
Competitor-157,1.499,1.929,2.919,2.339,3.059,2.549,2.979,2.789,2.179,2.099,1.599,1.319,2017
Competitor-158,1.489,2.349,3.309,2.479,2.429,3.389,2.829,3.499,2.029,1.459,2.019,1.839,2017
Competitor-159,2.419,2.219,3.399,2.909,3.359,2.899,3.359,3.229,2.689,1.559,1.779,2.099,2017
Competitor-160,2.219,2.609,3.369,2.619,3.489,2.789,2.499,3.219,1.459,2.789,2.709,2.159,2017
Competitor-161,2.529,1.829,3.089,2.879,3.089,2.649,2.699,2.869,2.599,2.469,1.919,2.399,2017
Competitor-162,2.249,2.149,3.379,3.189,2.729,2.649,3.069,2.399,1.879,2.289,2.589,1.699,2017
Competitor-163,2.509,2.589,3.039,2.429,3.269,2.359,3.379,2.819,2.259,1.449,2.089,2.269,2017
Competitor-164,2.309,2.719,3.219,3.519,3.029,2.919,2.299,2.969,2.099,1.709,1.369,1.339,2017
Competitor-165,2.219,1.699,3.349,3.439,3.289,3.519,3.099,2.699,1.999,2.149,2.519,2.339,2017
Competitor-166,2.759,2.039,2.289,2.249,2.629,2.279,3.239,2.769,2.439,1.829,2.619,2.479,2017
Competitor-167,1.509,2.529,2.359,3.149,2.379,2.569,2.469,2.309,1.389,2.079,1.349,2.739,2017
Competitor-168,1.579,2.579,2.549,3.189,2.619,2.519,2.759,3.389,2.249,1.449,1.629,2.779,2017
Competitor-169,2.389,1.589,2.979,2.929,2.779,2.269,3.179,3.359,1.709,2.489,2.779,2.519,2017
Competitor-170,1.609,2.629,2.329,2.239,3.149,3.219,2.429,2.439,2.379,2.219,1.459,2.619,2017
Competitor-171,2.619,2.399,3.319,2.839,2.999,2.359,2.729,3.169,2.529,2.349,1.679,2.339,2017
Competitor-172,2.459,2.659,2.299,3.489,2.279,3.009,2.699,2.399,2.579,1.859,1.679,2.199,2017
Competitor-173,2.749,1.919,3.049,2.239,2.959,2.459,2.719,2.889,2.569,2.209,1.489,2.609,2017
Competitor-174,2.729,1.849,3.259,2.569,2.479,3.509,3.209,2.549,1.459,2.349,2.669,1.379,2017
Competitor-175,2.219,2.629,2.239,3.179,2.579,2.789,2.959,3.089,1.729,1.959,2.319,1.309,2017
Competitor-176,2.479,2.489,3.319,2.679,3.249,3.349,3.499,2.919,1.479,2.689,1.559,1.459,2017
Competitor-177,2.279,2.659,2.579,3.469,2.939,2.239,3.079,2.409,2.369,1.609,2.019,2.349,2017
Competitor-178,1.759,2.329,2.699,2.399,2.839,3.419,2.919,2.549,2.059,2.629,1.489,1.399,2017
Competitor-179,2.209,1.599,2.579,2.769,2.979,2.589,2.939,2.599,1.979,2.809,2.059,2.569,2017
Competitor-180,2.699,2.309,3.049,2.889,2.529,2.659,2.809,2.879,2.119,2.219,2.229,1.379,2017
Competitor-181,1.519,1.909,3.429,2.669,3.039,3.279,2.309,2.289,1.929,2.659,2.249,1.789,2017
Competitor-182,2.099,2.069,2.279,2.229,2.939,2.589,2.339,2.669,2.779,2.519,2.109,2.399,2017
Competitor-183,2.239,1.759,2.439,2.839,2.819,3.199,2.259,2.339,1.939,1.319,1.759,2.509,2017
Competitor-184,1.749,1.759,3.089,2.779,2.599,3.079,3.189,2.999,2.219,1.959,2.779,2.419,2017
Competitor-185,2.419,2.449,3.449,2.679,2.689,2.959,3.439,3.409,1.349,2.319,1.669,1.339,2017
Competitor-186,1.539,1.379,2.739,2.719,3.529,2.249,2.729,2.669,1.709,2.769,1.859,2.149,2017
Competitor-187,2.519,1.559,2.579,3.249,2.269,2.749,2.549,2.379,2.479,1.729,1.399,2.809,2017
Competitor-188,1.779,2.799,3.349,3.389,2.989,3.319,3.079,2.589,2.809,2.449,2.769,2.789,2017
Competitor-189,2.519,2.029,2.609,2.989,2.819,2.969,3.329,2.359,2.029,1.629,2.619,2.609,2017
Competitor-190,2.409,1.899,2.789,2.279,3.389,3.109,3.429,2.259,2.679,2.029,2.799,2.429,2017
Competitor-191,2.289,2.349,3.309,2.879,2.839,2.339,2.389,2.809,1.889,1.609,1.339,1.519,2017
Competitor-192,1.779,1.899,3.359,2.959,2.529,2.879,2.439,2.879,1.949,1.829,2.459,1.919,2017
Competitor-193,1.359,2.509,2.919,3.019,2.269,2.719,3.189,2.939,2.629,2.479,1.749,1.649,2017
Competitor-194,1.389,1.439,2.839,2.629,3.439,3.479,3.449,3.199,1.819,1.929,2.099,1.369,2017
Competitor-195,2.079,1.369,2.989,2.779,2.759,2.309,3.389,3.459,1.549,1.959,1.779,1.399,2017
Competitor-196,1.949,1.709,3.409,2.669,2.989,3.229,2.559,3.369,2.699,2.549,1.719,2.699,2017
Competitor-197,1.959,1.799,2.899,2.599,2.749,2.929,3.299,3.459,1.379,1.849,2.609,2.099,2017
Competitor-198,2.429,1.749,3.109,3.029,2.809,2.549,2.969,2.489,1.759,2.089,2.639,2.339,2017
Competitor-199,2.819,2.239,3.269,2.859,3.459,2.369,3.029,3.219,1.569,2.289,2.159,2.139,2017
Competitor-200,2.709,1.619,2.269,2.899,3.019,2.489,2.899,3.349,1.369,1.739,2.379,2.149,2017
Competitor-201,2.769,1.859,2.529,2.759,3.169,2.369,2.319,2.239,2.139,2.429,1.329,2.159,2017
Competitor-202,1.459,2.759,2.799,3.059,2.359,3.449,2.579,2.279,1.519,1.729,2.289,2.009,2017
Competitor-203,1.759,1.389,2.369,2.569,3.279,3.519,2.789,2.229,2.779,1.519,2.289,1.439,2017
Competitor-204,2.409,2.109,3.019,2.979,2.259,2.329,3.459,3.219,1.749,2.439,2.019,1.599,2017
Competitor-205,1.909,1.849,2.509,3.299,3.179,2.819,2.339,2.599,2.649,1.759,2.189,1.399,2017
Competitor-206,1.309,1.569,2.899,2.789,3.089,3.229,2.319,3.489,2.509,1.329,1.719,2.379,2017
Competitor-207,2.479,1.879,2.899,2.919,3.349,2.479,3.209,2.539,2.229,1.969,2.009,2.259,2017
Competitor-208,1.859,1.739,2.999,3.349,2.929,2.729,2.969,2.499,1.629,2.559,1.539,2.199,2017
Competitor-209,1.699,2.579,2.919,2.989,2.909,2.259,2.919,2.559,2.469,1.519,1.539,2.479,2017
Competitor-210,1.549,1.729,2.439,3.429,2.859,3.089,2.359,2.259,2.479,1.989,1.729,2.399,2017
Competitor-211,2.299,2.769,2.679,3.279,3.149,2.569,2.379,2.659,2.019,2.479,1.789,2.779,2017
Competitor-212,1.739,1.609,2.399,2.279,3.349,2.509,2.399,2.239,1.779,1.679,2.079,2.379,2017
Competitor-213,2.219,2.389,2.349,2.649,2.459,2.589,3.479,2.379,2.439,2.799,1.409,1.929,2017
Competitor-214,1.309,2.239,2.429,2.679,3.219,2.509,3.529,2.609,2.509,1.829,2.459,2.079,2017
Competitor-215,2.689,2.369,2.419,2.909,2.459,2.989,2.929,2.949,1.409,1.809,2.519,2.249,2017
Competitor-216,1.739,2.819,2.449,2.379,3.359,2.939,2.299,2.879,2.219,2.239,2.039,1.999,2017
Competitor-217,1.949,1.769,2.769,3.409,2.479,3.109,3.439,3.189,2.729,1.879,2.399,2.339,2017
Competitor-218,1.639,1.529,2.599,2.469,2.259,3.479,2.849,2.789,2.359,2.319,1.469,1.329,2017
Competitor-219,1.369,2.529,2.439,2.299,3.339,2.659,2.299,2.439,1.359,2.509,2.079,1.659,2017
Competitor-220,2.799,1.689,2.299,3.339,2.529,3.269,3.119,3.399,2.709,1.889,2.469,1.369,2017
Competitor-221,1.659,2.569,3.069,3.069,3.209,3.019,2.759,3.129,2.739,1.729,1.889,2.179,2017
Competitor-222,1.489,1.839,3.059,2.379,3.009,3.169,3.509,2.459,1.439,2.169,1.429,2.189,2017
Competitor-223,1.679,1.729,2.749,2.669,2.529,3.459,2.259,3.239,1.879,2.319,1.859,2.009,2017
Competitor-224,2.689,1.889,2.979,3.279,2.869,3.379,2.569,3.439,2.239,2.739,1.739,1.709,2017
Competitor-225,1.689,2.699,2.509,2.809,2.989,2.449,3.199,2.599,2.329,1.979,1.379,1.879,2017
Competitor-226,1.609,2.499,3.059,2.449,2.939,3.519,2.649,2.859,1.589,2.509,2.659,1.339,2017
Competitor-227,1.379,1.839,2.269,3.329,2.849,2.759,2.339,2.919,2.549,2.219,2.739,2.709,2017
Competitor-228,2.639,2.409,2.739,3.199,2.769,2.669,2.849,3.149,2.249,2.249,1.359,1.969,2017
Competitor-229,1.949,2.649,3.079,2.409,2.839,3.499,3.429,2.399,2.309,1.849,1.509,2.399,2017
Competitor-230,2.099,1.829,2.779,3.249,3.349,3.429,2.679,2.579,1.429,2.719,1.959,2.149,2017
Competitor-231,1.639,2.009,2.289,2.939,2.749,2.469,2.859,2.519,2.169,1.839,1.569,1.959,2017
Competitor-232,2.339,1.349,2.449,2.359,2.729,2.679,3.089,3.069,2.099,2.319,2.719,1.679,2017
Competitor-233,2.109,1.539,3.139,3.229,3.299,2.969,3.049,2.929,1.309,1.479,2.219,2.009,2017
Competitor-234,1.409,1.329,3.049,2.549,2.909,2.899,2.399,2.749,1.489,2.249,2.309,2.689,2017
Competitor-235,2.649,1.799,2.739,2.869,2.799,3.139,3.359,2.369,1.689,2.489,2.079,2.369,2017
Competitor-236,2.499,2.019,3.049,2.479,3.309,2.339,3.059,3.059,1.829,2.819,2.429,1.369,2017
Competitor-237,1.979,2.789,3.019,2.729,2.259,2.819,2.959,2.629,1.539,1.849,1.619,1.709,2017
Competitor-238,1.469,2.309,2.809,2.349,2.439,3.299,3.219,2.629,1.919,2.149,2.509,2.539,2017
Competitor-239,2.769,1.319,3.369,2.879,2.509,2.709,2.319,3.119,1.569,2.809,2.109,2.529,2017
Competitor-240,2.419,2.039,2.619,3.009,2.599,3.089,2.889,2.619,2.529,2.199,2.269,2.199,2017
Competitor-241,2.649,2.209,3.109,2.759,2.789,2.919,2.829,3.259,2.469,2.339,1.779,1.899,2017
Competitor-242,1.519,1.649,2.299,2.519,2.639,2.999,3.289,2.459,2.819,2.019,1.749,2.339,2017
Competitor-243,2.109,2.629,2.489,2.309,2.719,2.339,2.729,2.729,2.749,1.829,1.899,2.139,2017
Competitor-244,1.349,2.089,2.409,2.379,2.909,2.499,3.349,3.179,1.999,1.759,1.729,2.569,2017
Competitor-245,2.359,2.789,2.709,3.009,2.319,2.569,2.789,3.259,2.199,2.519,2.149,1.669,2017
Competitor-246,1.369,2.089,2.289,3.249,2.749,3.009,3.299,3.429,1.969,2.829,2.609,1.549,2017
Competitor-247,2.509,2.099,2.609,3.429,2.829,3.249,2.539,2.379,2.429,2.239,1.869,2.129,2017
Competitor-248,2.029,2.659,2.889,3.209,2.299,2.929,2.619,2.289,2.159,1.969,1.449,2.469,2017
Competitor-249,1.559,1.749,2.459,3.159,2.949,3.519,2.429,2.879,2.409,2.569,1.739,2.279,2017
Competitor-250,2.289,2.319,3.359,2.379,2.329,2.679,2.349,2.649,1.739,2.009,2.019,1.589,2017
Competitor-251,2.729,2.449,3.119,3.079,3.369,3.359,2.569,3.259,1.339,1.899,2.639,1.559,2017
Competitor-252,1.969,2.339,3.329,2.749,3.189,2.669,2.279,2.849,1.929,2.529,2.669,2.229,2017
Competitor-253,2.359,1.559,3.179,2.539,3.399,3.079,3.399,3.329,2.329,2.429,2.229,1.999,2017
Competitor-254,1.949,2.729,3.289,2.589,3.329,3.479,2.439,2.879,2.699,1.889,2.209,1.549,2017
Competitor-255,2.799,2.559,2.909,2.239,2.759,2.239,3.039,2.359,2.699,2.519,1.709,1.589,2017
Competitor-256,2.819,1.759,3.349,2.499,3.429,3.519,2.759,2.899,2.229,2.509,1.899,2.749,2017
Competitor-257,1.459,2.039,2.589,3.509,2.619,3.479,3.139,2.489,1.889,2.249,2.309,1.349,2017
Competitor-258,1.419,1.889,3.409,3.259,3.179,2.839,2.699,2.319,1.509,1.679,2.009,2.209,2017
Competitor-259,1.519,2.569,3.189,3.439,3.119,2.569,2.869,2.549,1.939,2.399,1.699,1.709,2017
Competitor-260,1.419,1.649,3.099,3.149,2.989,2.739,2.399,2.969,1.879,2.039,1.999,2.809,2017
Competitor-261,2.619,1.999,2.499,2.469,2.349,3.119,2.819,3.159,1.399,1.919,2.789,2.189,2017
Competitor-262,1.709,1.889,3.369,3.289,3.339,3.289,2.899,2.979,1.729,2.079,2.789,2.099,2017
Competitor-263,2.569,1.769,2.929,3.069,2.239,2.359,3.079,3.229,2.309,1.649,2.529,2.719,2017
Competitor-264,2.289,1.679,3.429,2.309,2.779,2.999,2.249,2.499,2.229,2.099,2.189,2.289,2017
Competitor-265,1.859,1.329,2.629,2.439,2.579,2.309,3.249,2.529,1.329,2.259,2.779,2.699,2017
Competitor-266,1.849,2.519,2.839,3.319,3.269,2.769,2.459,2.889,1.379,2.399,1.349,2.759,2017
Competitor-267,1.339,1.519,3.029,3.099,3.309,2.309,3.359,3.139,2.689,1.529,1.519,2.419,2017
Competitor-268,2.519,1.419,2.839,2.579,3.109,2.639,2.919,2.799,2.339,2.079,1.589,1.999,2017
Competitor-269,1.789,2.829,3.099,2.539,2.979,3.109,3.089,2.859,2.389,2.399,2.509,1.849,2017
Competitor-270,1.449,2.189,3.219,3.139,3.449,2.299,2.249,2.429,2.079,2.489,1.949,1.999,2017
Competitor-271,1.349,2.789,2.699,3.059,3.439,2.669,3.099,3.449,2.779,1.719,2.089,2.059,2017
Competitor-272,2.749,1.849,3.119,2.719,3.389,3.109,2.679,2.809,2.779,1.399,2.089,2.149,2017
Competitor-273,2.429,1.959,3.029,2.779,2.979,2.409,2.299,2.549,1.709,2.689,2.409,1.409,2017
Competitor-274,1.499,1.789,2.859,2.479,3.029,2.659,2.689,3.389,1.679,2.079,1.359,2.549,2017
Competitor-275,2.099,1.659,2.619,2.329,3.129,2.999,3.239,2.509,2.019,2.449,1.579,2.059,2017
Competitor-276,2.309,2.269,3.009,2.279,3.159,3.509,2.929,2.699,2.339,2.319,2.269,2.599,2017
Competitor-277,2.619,2.489,2.679,2.409,2.739,3.189,2.339,2.839,2.799,2.689,1.419,2.769,2017
Competitor-278,2.579,2.159,2.949,3.449,3.239,3.479,3.019,3.359,1.349,2.549,1.979,1.629,2017
Competitor-279,2.589,1.769,2.389,2.239,3.259,3.469,3.069,3.309,1.749,1.339,2.499,1.369,2017
Competitor-280,2.609,2.379,3.149,2.489,2.359,2.679,2.239,2.909,2.539,1.469,1.439,2.309,2017
Competitor-281,1.459,2.219,2.659,2.579,2.799,2.249,2.269,2.259,2.779,1.609,2.459,1.749,2017
Competitor-282,1.679,2.389,2.259,2.279,2.589,3.009,3.379,3.039,2.529,1.489,2.259,1.419,2017
Competitor-283,1.999,2.079,3.479,3.469,2.919,2.979,3.459,2.949,2.669,1.719,1.579,2.169,2017
Competitor-284,1.549,1.879,2.969,2.439,3.509,2.509,2.389,3.469,2.649,2.429,1.539,2.139,2017
Competitor-285,1.849,1.669,2.919,2.599,3.179,3.189,3.319,2.329,1.419,1.849,2.459,1.809,2017
Competitor-286,2.829,2.029,2.759,3.129,2.789,2.859,2.519,3.529,1.989,2.499,1.599,2.739,2017
Competitor-287,2.109,2.809,2.279,2.859,2.429,2.959,3.399,3.329,2.469,2.059,1.549,1.829,2017
Competitor-288,2.369,1.939,2.719,2.609,2.839,2.909,2.749,2.389,1.559,2.239,2.559,2.599,2017
Competitor-289,2.199,2.029,2.649,3.269,3.019,3.159,3.099,3.329,2.309,2.279,1.729,2.269,2017
Competitor-290,1.669,2.499,2.259,2.639,3.439,2.699,2.889,2.549,2.699,1.569,2.029,2.499,2017
Competitor-291,2.649,1.909,3.029,3.229,2.729,3.339,2.849,2.569,1.869,2.179,2.289,1.919,2017
Competitor-292,1.799,2.349,2.329,2.399,2.669,2.579,2.509,3.499,1.369,2.099,2.659,1.759,2017
Competitor-293,2.009,2.749,2.629,2.539,2.389,3.139,3.169,2.849,2.629,2.529,1.349,2.679,2017
Competitor-294,1.409,2.819,2.479,2.949,2.739,2.229,2.269,3.339,2.629,2.629,2.419,1.969,2017
Competitor-295,1.999,1.739,2.969,2.759,2.529,2.939,2.839,2.649,1.969,1.599,1.559,2.379,2017
Competitor-296,1.459,2.039,3.099,2.899,2.909,2.729,2.619,2.259,2.279,2.659,1.829,1.679,2017
Competitor-297,1.349,1.689,3.299,3.409,2.919,2.439,2.639,3.509,1.899,1.719,2.019,1.769,2017
Competitor-298,1.349,1.929,2.269,2.929,2.769,2.659,2.509,2.999,1.779,1.339,2.249,2.109,2017
Competitor-299,2.459,1.579,2.369,2.879,2.309,2.959,3.189,2.929,2.239,2.009,2.289,2.509,2017
Competitor-300,1.929,2.799,2.469,2.629,2.389,2.949,3.419,3.239,2.359,2.809,2.829,1.579,2017
Competitor-301,1.589,1.749,3.209,2.259,3.429,3.369,2.409,2.949,1.969,2.039,2.169,2.159,2017
Competitor-302,1.899,2.069,3.499,2.679,3.109,2.469,3.409,2.689,1.929,2.619,2.699,2.189,2017
Competitor-303,2.399,2.309,3.369,2.829,2.909,3.029,2.279,2.829,1.619,2.019,1.379,1.709,2017
Competitor-304,1.949,2.429,3.169,3.439,3.029,2.969,3.149,2.849,2.359,1.799,2.359,1.499,2017
Competitor-305,1.639,2.439,3.249,2.559,2.579,3.429,2.809,2.979,2.539,2.509,2.429,2.089,2017
Competitor-306,2.049,2.379,3.479,2.739,3.049,3.279,3.349,2.869,2.059,2.509,1.859,2.779,2017
Competitor-307,2.609,1.699,2.719,2.919,2.799,2.889,3.199,2.589,1.979,1.429,2.249,2.209,2017
Competitor-308,2.629,2.019,2.309,2.579,3.069,2.529,3.369,2.419,1.849,2.529,1.359,2.089,2017
Competitor-309,1.789,2.819,2.409,3.099,3.279,2.499,3.459,3.009,2.629,2.609,2.429,2.029,2017
Competitor-310,2.759,1.749,2.659,3.109,2.379,3.129,2.949,2.999,2.199,1.709,2.639,2.749,2017
Competitor-311,1.319,2.139,3.339,2.829,2.829,2.839,3.099,3.369,1.789,1.459,2.019,1.739,2017
Competitor-312,1.619,2.389,3.459,3.059,2.699,2.839,3.069,2.419,2.119,1.389,1.459,1.489,2017
Competitor-313,1.309,2.069,2.239,3.189,2.409,2.299,2.429,3.109,1.679,1.729,1.329,2.439,2017
Competitor-314,2.189,1.829,3.279,3.129,3.179,2.959,2.879,2.389,1.559,2.119,1.639,2.539,2017
Competitor-315,2.099,1.739,3.119,2.729,2.299,3.099,3.399,2.569,1.729,1.449,2.709,1.499,2017
Competitor-316,1.889,2.279,2.759,3.279,2.769,2.709,2.649,3.229,2.209,2.389,1.559,2.549,2017
Competitor-317,2.119,2.579,2.589,3.259,3.379,3.299,3.399,3.349,2.749,2.789,1.849,1.629,2017
Competitor-318,2.539,1.429,2.369,3.259,3.269,2.269,2.459,2.689,2.079,1.309,1.329,1.499,2017
Competitor-319,2.699,2.069,2.959,2.999,3.329,3.189,2.859,2.579,1.679,1.519,2.379,2.109,2017
Competitor-320,2.549,1.899,3.069,3.309,2.819,2.269,2.949,2.329,2.669,1.889,2.669,1.669,2017
Competitor-321,2.249,2.029,3.359,2.609,2.649,2.469,3.069,3.499,2.249,2.279,1.319,2.729,2017
Competitor-322,1.529,2.419,2.759,3.409,2.479,3.469,3.249,2.499,1.879,1.789,2.339,1.959,2017
Competitor-323,1.499,2.009,3.139,3.089,3.439,3.239,2.279,2.429,2.629,1.989,2.299,1.889,2017
Competitor-324,1.699,2.499,3.109,2.579,3.159,2.329,2.369,3.389,2.189,1.699,1.319,2.339,2017
Competitor-325,2.039,2.279,2.799,3.009,3.029,2.679,3.419,3.209,1.629,2.159,2.549,2.179,2017
Competitor-326,1.529,2.009,2.749,2.449,2.549,2.399,3.419,3.069,2.389,2.649,2.139,2.079,2017
Competitor-327,2.209,1.409,2.979,2.569,2.409,3.099,3.179,2.529,2.589,2.679,2.759,2.709,2017
Competitor-328,2.779,1.639,2.829,2.649,2.879,2.609,2.299,2.469,1.499,2.079,2.399,2.279,2017
Competitor-329,2.009,2.359,3.499,2.919,3.369,2.459,3.329,2.339,2.659,2.649,1.929,1.519,2017
Competitor-330,2.699,1.539,3.399,3.179,2.429,2.319,2.279,2.929,2.769,1.389,2.449,2.559,2017
Competitor-331,2.269,2.129,2.559,2.669,3.029,2.679,3.519,2.279,2.409,1.719,1.849,2.279,2017
Competitor-332,1.959,2.119,2.729,2.999,2.499,2.589,3.009,2.849,1.579,2.359,2.139,2.519,2017
Competitor-333,1.439,2.579,3.139,2.859,2.399,2.929,2.869,2.659,2.029,2.289,2.169,1.459,2017
Competitor-334,1.459,1.459,3.109,3.009,3.129,3.419,3.299,2.319,1.989,2.739,2.569,1.849,2017
Competitor-335,1.349,2.059,2.659,2.529,3.429,3.229,2.689,2.329,2.799,1.459,2.669,1.809,2017
Competitor-336,2.249,2.759,3.379,2.959,3.039,3.379,2.729,2.779,2.579,2.219,2.249,1.349,2017
Competitor-337,1.849,2.539,2.669,2.509,2.689,2.929,2.689,2.419,1.679,2.799,2.719,1.669,2017
Competitor-338,2.749,1.369,3.169,3.029,2.249,2.519,2.809,2.519,1.579,1.889,1.729,1.769,2017
Competitor-339,2.009,2.309,2.959,3.339,2.859,2.359,2.559,3.279,2.699,2.099,2.699,2.409,2017
Competitor-340,2.199,1.649,3.489,2.399,3.459,2.529,3.479,2.789,2.449,1.419,2.129,1.849,2017
Competitor-341,2.769,1.909,3.119,2.849,2.489,2.329,3.359,3.239,2.239,1.669,1.439,1.889,2017
Competitor-342,1.679,1.539,3.159,2.289,2.699,2.329,3.249,3.149,1.929,1.919,2.299,1.419,2017
Competitor-343,1.669,2.539,3.189,3.209,3.389,2.509,3.199,3.169,1.909,2.229,1.549,2.409,2017
Competitor-344,2.769,2.529,3.249,2.899,3.179,3.319,3.209,2.859,2.809,1.489,2.209,2.019,2017
Competitor-345,1.349,1.349,2.829,2.779,2.779,2.359,3.439,2.409,1.649,1.579,2.169,2.079,2017
Competitor-346,2.089,1.709,2.639,2.509,3.059,3.159,2.309,3.339,2.359,2.609,2.409,1.519,2017
Competitor-347,1.969,1.909,3.359,2.499,3.039,2.909,2.489,2.439,2.749,2.509,1.739,1.349,2017
Competitor-348,1.589,2.439,2.929,3.529,2.989,2.809,3.169,2.739,2.299,2.619,1.889,2.799,2017
Competitor-349,1.439,2.269,3.499,2.959,2.809,3.469,2.779,2.849,1.929,1.369,1.659,2.649,2017
Competitor-350,1.859,1.409,2.419,3.229,3.219,3.519,2.799,2.669,2.689,1.319,2.509,1.839,2017
Competitor-351,1.729,2.749,2.259,2.419,2.649,2.299,2.679,2.609,1.909,2.509,2.249,1.919,2017
Competitor-352,1.309,2.709,2.289,2.649,2.639,2.439,2.679,2.729,1.609,2.109,1.859,2.749,2017
Competitor-353,2.109,2.529,3.269,2.469,3.339,3.199,3.269,2.819,2.429,1.399,1.669,2.369,2017
Competitor-354,1.749,2.439,3.359,2.649,2.379,3.129,2.279,3.309,2.109,2.489,1.749,1.869,2017
Competitor-355,1.919,1.429,2.829,2.799,2.529,2.869,3.089,2.899,1.689,1.539,1.699,2.799,2017
Competitor-356,1.539,1.949,2.929,2.259,3.209,2.329,3.219,2.629,1.389,2.159,1.319,1.569,2017
Competitor-357,1.469,1.539,3.459,3.399,3.359,3.459,3.019,2.499,1.619,1.949,2.609,1.399,2017
Competitor-358,2.479,1.379,2.259,3.369,3.389,2.349,2.709,3.399,1.689,1.899,2.459,2.819,2017
Competitor-359,2.389,1.799,3.189,2.669,3.109,2.769,3.419,2.389,1.699,1.369,1.549,2.329,2017
Competitor-360,1.669,2.619,2.569,3.079,2.289,3.129,2.809,3.239,2.109,1.709,2.819,1.849,2017
Competitor-361,1.559,2.729,3.189,3.319,3.289,2.459,2.369,3.419,1.569,1.719,2.439,1.769,2017
Competitor-362,1.559,2.599,2.359,2.249,3.319,2.809,3.489,2.259,2.369,2.289,1.349,2.259,2017
Competitor-363,2.539,2.509,2.629,2.609,3.169,2.829,2.599,3.349,2.089,2.339,2.219,2.139,2017
Competitor-364,2.809,1.429,2.749,2.499,3.369,3.139,2.359,2.709,2.439,1.509,1.659,1.819,2017
Competitor-365,1.339,2.299,3.369,3.259,2.909,2.229,2.419,3.069,2.429,2.589,1.489,2.619,2017
Competitor-366,1.539,2.609,3.239,3.099,2.829,3.269,3.359,3.189,1.359,1.689,1.679,2.389,2017
Competitor-367,1.799,2.519,2.759,2.939,2.479,3.469,3.219,3.259,2.629,1.589,1.559,1.529,2017
Competitor-368,1.519,2.579,3.409,2.669,2.479,2.859,3.399,2.679,1.689,1.829,2.129,1.519,2017
Competitor-369,2.549,1.799,2.589,3.099,3.149,3.349,2.709,2.289,2.459,2.519,2.389,2.279,2017
Competitor-370,2.789,1.929,2.649,2.749,3.509,2.749,2.739,2.439,2.499,2.079,1.769,2.719,2017
Competitor-371,1.439,1.569,2.569,3.339,2.909,3.409,2.789,2.349,1.939,1.639,2.319,2.149,2017
Competitor-372,2.729,2.139,2.939,2.519,2.999,2.339,2.389,2.739,2.709,2.329,2.189,1.509,2017
Competitor-373,2.819,2.399,2.409,2.809,2.529,3.319,3.479,3.469,1.619,2.089,2.759,1.779,2017
Competitor-374,1.369,2.809,2.549,2.369,3.189,2.339,2.319,2.399,2.419,1.859,2.769,2.819,2017
Competitor-375,1.969,1.519,3.099,2.249,3.109,2.659,3.329,2.289,1.939,2.449,1.489,1.549,2017
Competitor-376,2.249,1.569,3.249,3.439,3.049,3.259,2.919,3.139,2.209,1.899,2.069,2.789,2017
Competitor-377,1.729,1.419,2.289,2.409,2.229,2.519,3.359,2.539,1.369,1.949,2.509,2.419,2017
Competitor-378,1.389,2.259,3.109,2.749,2.429,2.249,2.569,3.459,2.009,2.559,1.669,1.419,2017
Competitor-379,2.609,1.539,3.239,2.639,2.339,3.429,2.299,3.049,1.319,1.529,2.429,2.709,2017
Competitor-380,2.539,2.509,3.179,3.019,2.509,3.129,2.709,3.239,1.859,2.789,1.559,2.219,2017
Competitor-381,2.359,1.339,2.699,2.599,3.159,2.949,2.519,3.239,2.079,1.509,2.279,2.159,2017
Competitor-382,2.629,2.559,3.459,2.519,2.769,2.759,2.309,2.319,1.519,1.909,1.439,1.709,2017
Competitor-383,2.649,1.529,3.119,3.449,2.249,3.479,2.449,3.239,1.729,2.819,2.569,2.309,2017
Competitor-384,2.029,2.639,2.509,3.299,3.459,3.499,2.829,2.939,2.719,1.859,2.709,2.199,2017
Competitor-385,2.249,1.749,3.279,3.289,3.469,3.069,3.039,2.919,2.819,2.019,2.169,2.759,2017
Competitor-386,2.739,1.749,3.059,2.389,2.499,3.189,3.349,3.329,1.509,1.639,2.489,2.529,2017
Competitor-387,1.699,1.319,2.999,2.609,2.449,3.349,2.509,2.779,2.469,1.499,1.669,1.369,2017
Competitor-388,2.529,2.649,3.279,2.729,2.629,2.639,3.389,2.259,2.459,2.069,2.439,2.759,2017
Competitor-389,2.019,1.529,2.969,2.769,2.789,2.869,2.379,2.969,2.319,1.899,2.369,2.469,2017
Competitor-390,1.549,1.839,2.649,2.249,3.169,2.999,2.559,2.859,2.369,2.239,1.689,2.229,2017
Competitor-391,1.679,2.409,2.989,2.709,3.119,2.789,2.369,3.319,1.369,1.559,2.629,1.819,2017
Competitor-392,2.339,1.349,3.149,2.889,3.169,2.739,3.039,2.399,2.279,2.009,2.459,2.209,2017
Competitor-393,2.489,2.769,3.409,2.789,3.009,2.509,2.769,3.479,2.199,1.459,2.669,2.649,2017
Competitor-394,2.699,1.669,3.059,2.649,3.389,3.239,3.409,2.439,2.409,2.329,2.659,1.999,2017
Competitor-395,1.639,1.499,2.509,3.139,3.389,3.249,2.309,3.209,1.579,2.009,1.579,1.629,2017
Competitor-396,1.639,1.399,3.089,2.519,3.319,2.479,2.689,2.889,2.539,1.969,1.409,2.609,2017
Competitor-397,1.639,2.619,3.119,2.759,3.409,2.279,3.109,2.609,2.789,1.959,2.169,2.629,2017
Competitor-398,2.589,1.549,3.169,3.359,3.319,2.349,3.019,2.949,1.629,2.559,2.599,2.039,2017
Competitor-399,2.239,1.829,3.039,2.269,2.809,3.099,3.279,3.259,1.869,2.399,2.219,2.279,2017
Competitor-400,1.459,2.299,3.319,3.339,2.409,3.189,2.549,2.609,1.709,2.509,1.379,2.459,2017
Competitor-401,2.669,1.599,3.389,2.919,2.469,2.749,2.869,3.109,2.329,1.789,1.739,2.239,2017
Competitor-402,1.589,2.229,3.399,2.959,2.649,2.629,3.419,2.699,2.089,2.149,2.759,2.279,2017
Competitor-403,1.519,1.899,2.529,3.379,2.339,2.799,3.389,2.469,1.819,2.609,1.409,2.459,2017
Competitor-404,2.109,2.539,2.479,2.799,2.739,2.939,2.279,3.449,2.369,1.399,2.429,2.249,2017
Competitor-405,2.409,1.399,2.539,3.399,2.359,3.429,3.199,3.319,2.009,2.249,2.809,2.359,2017
Competitor-406,1.339,1.949,3.049,3.009,3.399,2.699,2.259,2.859,1.849,2.579,1.779,1.619,2017
Competitor-407,1.899,2.239,3.429,2.859,3.429,2.869,3.519,3.339,2.809,2.449,1.329,2.639,2017
Competitor-408,2.429,1.639,2.629,3.509,3.259,2.699,2.349,3.469,2.429,2.559,2.509,2.679,2017
Competitor-409,1.439,1.849,2.229,2.539,3.029,3.049,2.289,2.569,2.069,1.619,2.699,1.409,2017
Competitor-410,2.679,2.809,3.089,2.689,2.859,3.099,2.879,3.349,1.729,2.529,2.679,2.549,2017
Competitor-411,2.569,2.739,2.799,2.349,2.629,2.239,2.599,3.199,2.259,2.689,1.829,1.569,2017
Competitor-412,2.699,1.479,3.059,2.449,2.449,2.929,2.469,3.139,2.049,1.989,2.559,2.119,2017
Competitor-413,1.599,2.239,3.479,3.139,2.239,3.379,2.379,2.989,2.789,1.429,1.929,2.249,2017
Competitor-414,1.919,2.099,3.239,2.849,3.189,3.379,3.129,2.639,1.319,2.159,2.449,1.369,2017
Competitor-415,2.089,1.329,3.119,3.289,2.639,3.259,3.429,3.499,2.729,1.669,2.369,1.709,2017
Competitor-416,2.019,2.439,3.359,2.639,2.849,3.259,3.199,3.279,1.809,1.429,2.519,1.489,2017
Competitor-417,2.249,1.429,3.039,2.439,3.309,2.979,3.259,2.369,1.549,1.339,1.829,2.289,2017
Competitor-418,2.259,1.899,2.339,2.629,3.029,2.669,2.859,2.319,2.639,2.009,1.669,2.379,2017
Competitor-419,2.059,1.679,3.029,3.449,3.179,3.389,3.229,2.359,1.649,2.079,1.799,2.339,2017
Competitor-420,2.049,2.409,3.379,2.279,2.849,2.339,2.599,2.399,2.739,2.649,2.339,1.909,2017
Competitor-421,2.759,2.669,3.339,3.169,3.239,2.509,3.009,2.869,2.469,2.169,1.689,2.199,2017
Competitor-422,1.469,1.849,3.009,3.149,2.589,3.309,3.479,3.329,1.699,1.859,2.669,2.359,2017
Competitor-423,1.449,2.099,3.009,2.229,3.119,2.449,3.329,3.209,2.099,1.509,2.379,2.409,2017
Competitor-424,2.259,1.499,2.959,2.659,3.149,3.209,2.989,2.639,2.469,1.749,1.599,2.149,2017
Competitor-425,2.209,1.679,3.119,2.639,2.739,3.369,3.439,3.389,1.399,1.329,1.759,2.789,2017
Competitor-426,2.109,1.449,2.709,2.489,3.419,2.359,3.409,3.369,1.599,1.459,2.009,1.549,2017
Competitor-427,1.359,1.469,2.579,2.379,3.299,3.139,3.009,3.429,2.829,2.239,1.689,1.639,2017
Competitor-428,1.339,2.569,2.769,3.039,2.679,2.579,3.169,2.379,1.879,2.329,2.569,2.289,2017
Competitor-429,2.679,2.369,3.099,2.819,2.999,2.879,3.519,3.489,2.289,1.779,1.759,2.389,2017
Competitor-430,1.839,1.629,2.249,2.919,3.259,2.559,3.179,2.489,1.629,2.469,2.359,1.609,2017
Competitor-431,2.779,1.469,2.419,2.379,2.969,3.199,3.449,3.489,2.289,1.699,1.409,2.339,2017
Competitor-432,2.389,2.159,2.459,3.029,3.039,2.299,2.299,2.679,2.809,2.129,1.899,1.539,2017
Competitor-433,1.799,2.389,2.829,3.049,2.379,2.779,3.359,3.109,2.079,2.359,2.649,2.499,2017
Competitor-434,1.859,2.449,3.479,2.729,3.149,3.089,2.479,2.759,1.779,1.789,2.149,2.819,2017
Competitor-435,2.489,2.219,3.139,3.039,3.039,3.389,2.279,2.489,1.729,1.899,2.469,1.689,2017
Competitor-436,1.679,1.489,2.629,2.279,2.929,2.749,3.219,3.409,1.739,1.659,1.999,2.099,2017
Competitor-437,1.609,2.449,2.459,2.239,2.549,3.129,2.629,3.169,2.499,2.079,1.419,1.889,2017
Competitor-438,2.359,1.879,2.459,2.659,2.559,2.259,2.819,2.919,1.939,1.579,2.609,2.099,2017
Competitor-439,2.399,1.589,2.729,2.289,2.469,2.319,2.589,2.909,1.899,2.489,1.449,1.449,2017
Competitor-440,1.629,1.649,2.779,2.629,2.469,2.849,2.969,2.789,2.409,2.549,2.019,2.569,2017
Competitor-441,2.319,2.799,3.419,2.459,3.009,3.529,2.649,2.919,2.399,2.689,2.349,1.649,2017
Competitor-442,1.879,2.269,2.929,2.859,3.099,3.019,2.959,2.749,1.959,2.789,2.359,2.649,2017
Competitor-443,1.919,2.599,2.769,3.119,3.479,2.629,3.479,2.519,2.569,2.429,2.489,2.829,2017
Competitor-444,2.509,1.569,2.969,3.379,2.829,2.409,3.439,2.569,2.659,2.299,2.459,1.819,2017
Competitor-445,1.319,2.669,2.369,3.309,2.759,3.319,2.819,2.899,1.639,1.309,1.419,2.709,2017
Competitor-446,2.669,2.349,3.439,2.449,2.879,3.079,2.239,2.799,2.319,1.939,1.789,1.689,2017
Competitor-447,2.319,1.449,3.079,3.419,2.249,2.469,2.639,3.009,2.169,1.879,1.319,1.909,2017
Competitor-448,2.479,2.719,2.959,3.319,2.529,3.109,2.259,3.349,1.519,2.659,2.119,2.649,2017
Competitor-449,2.079,2.699,2.449,3.339,2.899,3.019,3.129,3.339,1.699,1.539,1.379,1.669,2017
Competitor-450,1.619,2.189,2.999,2.359,3.359,3.329,2.739,2.289,2.819,2.329,1.699,1.959,2017
Competitor-451,2.259,1.889,2.499,2.399,3.229,3.059,2.479,3.519,2.249,1.599,1.639,1.459,2017
Competitor-452,2.689,1.319,3.489,2.709,2.619,3.029,3.479,2.779,1.579,1.449,2.229,2.719,2017
Competitor-453,2.229,1.729,2.859,3.279,3.479,2.849,2.679,2.519,1.749,2.599,1.769,1.969,2017
Competitor-454,1.849,1.489,2.499,2.489,2.419,2.389,3.329,3.269,1.729,2.219,2.169,1.519,2017
Competitor-455,2.539,1.319,2.649,2.739,2.659,2.949,2.289,2.619,1.929,1.629,1.699,1.549,2017
Competitor-456,2.439,1.569,2.909,3.219,3.019,3.419,3.519,2.969,2.789,2.689,1.539,2.099,2017
Competitor-457,1.459,1.929,3.519,2.559,2.379,2.709,2.579,2.799,2.739,2.399,2.789,1.539,2017
Competitor-458,1.439,2.219,2.859,3.149,2.269,3.489,2.309,2.629,2.709,1.639,1.469,1.789,2017
Competitor-459,1.549,1.569,3.069,2.249,2.959,3.019,2.729,3.529,1.349,1.469,1.639,2.449,2017
Competitor-460,1.579,2.739,2.799,3.459,2.659,2.429,2.329,3.029,2.459,1.899,1.429,1.639,2017
Competitor-461,2.069,2.749,2.769,2.379,3.049,2.869,2.519,3.489,1.569,2.779,2.149,2.079,2017
Competitor-462,2.329,2.619,3.519,2.899,2.319,2.289,2.349,3.259,1.909,1.779,1.949,2.649,2017
Competitor-463,2.529,2.119,3.239,2.909,3.419,2.839,2.509,2.469,2.479,1.839,2.459,1.449,2017
Competitor-464,2.609,2.579,3.499,2.809,2.699,2.729,2.789,2.529,1.359,1.799,2.459,1.459,2017
Competitor-465,1.479,2.809,2.999,2.269,3.229,2.339,2.279,2.829,1.729,2.769,2.539,2.429,2017
Competitor-466,1.549,2.039,3.359,3.459,3.499,2.919,3.039,3.069,2.779,2.399,1.429,1.889,2017
Competitor-467,1.329,1.609,3.149,2.969,3.219,3.179,2.259,2.679,1.529,2.159,1.669,2.009,2017
Competitor-468,1.909,1.579,2.279,2.389,3.069,2.369,2.349,2.519,2.439,1.949,2.459,2.289,2017
Competitor-469,2.079,1.859,2.999,3.029,3.299,3.149,2.889,3.009,1.529,2.409,2.829,1.969,2017
Competitor-470,1.789,2.279,2.839,2.389,2.689,3.529,2.489,2.499,2.359,1.759,1.389,1.729,2017
Competitor-471,2.269,2.439,2.649,2.679,2.289,2.679,2.909,3.389,2.719,2.209,2.669,2.749,2017
Competitor-472,1.629,2.249,2.299,2.379,3.299,2.799,2.239,3.179,1.759,2.759,1.609,1.929,2017
Competitor-473,2.649,2.569,2.309,2.789,2.309,2.379,3.159,3.519,1.709,1.409,2.239,1.689,2017
Competitor-474,2.639,2.099,2.829,2.689,3.129,2.269,2.819,2.979,2.579,2.389,2.109,2.069,2017
Competitor-475,2.009,2.589,2.719,2.419,3.159,2.899,3.509,2.509,1.489,2.329,2.429,2.039,2017
Competitor-476,1.719,1.479,2.619,3.059,2.929,3.219,2.619,3.399,1.309,1.339,1.729,2.599,2017
Competitor-477,1.519,2.429,2.579,2.399,3.409,2.519,2.629,3.089,2.099,2.199,1.949,2.009,2017
Competitor-478,2.639,1.679,3.049,3.389,3.419,2.409,2.459,2.579,1.949,1.349,1.999,2.519,2017
Competitor-479,2.759,2.589,3.419,2.899,2.899,2.679,2.599,3.229,2.569,1.979,2.559,2.059,2017
Competitor-480,2.059,1.599,2.579,2.439,2.999,2.789,3.109,2.679,1.529,1.789,2.279,2.339,2017
Competitor-481,1.489,1.969,2.809,2.279,2.459,2.489,2.499,2.979,1.479,1.949,2.369,1.769,2017
Competitor-482,2.099,1.779,2.889,3.329,3.379,2.659,2.429,3.509,2.819,2.359,1.999,2.709,2017
Competitor-483,2.439,2.569,3.109,3.449,3.469,2.929,2.579,3.409,2.729,2.489,2.819,2.689,2017
Competitor-484,2.389,1.829,2.799,3.229,3.409,3.089,2.899,2.999,2.189,1.759,1.349,2.629,2017
Competitor-485,2.409,2.189,3.099,3.229,2.969,3.529,3.059,3.219,1.939,2.059,1.949,2.659,2017
Competitor-486,2.529,1.819,2.789,2.649,3.479,2.259,2.609,3.039,2.109,2.759,2.809,1.769,2017
Competitor-487,2.709,2.329,2.519,2.599,2.379,3.109,2.359,3.269,2.299,2.449,2.569,2.009,2017
Competitor-488,1.779,1.769,2.879,2.739,2.599,3.009,3.449,3.249,1.719,2.579,2.249,1.629,2017
Competitor-489,1.539,1.659,3.049,2.639,2.709,3.009,2.929,2.379,2.279,2.799,2.589,1.799,2017
Competitor-490,1.519,2.619,2.839,3.479,2.269,2.959,2.449,2.499,1.849,1.929,2.139,2.319,2017
Competitor-491,1.969,2.299,3.439,2.739,3.439,2.899,2.799,2.929,2.019,1.889,1.399,2.799,2017
Competitor-492,1.459,2.739,2.539,3.079,3.229,2.849,2.339,2.609,1.329,1.699,2.659,1.559,2017
Competitor-493,2.269,2.799,3.449,2.919,3.219,2.979,2.879,3.249,1.799,2.739,1.969,1.939,2017
Competitor-494,1.619,1.929,2.299,2.709,3.339,3.319,2.949,3.449,1.929,2.389,2.659,2.519,2017
Competitor-495,2.499,2.369,2.819,3.039,2.239,3.189,2.329,3.369,2.669,2.219,1.329,1.649,2017
Competitor-496,1.789,2.579,2.629,3.499,2.299,3.479,2.539,3.409,2.299,2.039,1.549,1.429,2017
Competitor-497,2.409,2.249,2.549,2.479,3.389,2.609,3.449,2.689,2.239,2.089,2.059,1.639,2017
Competitor-498,1.979,1.699,3.239,3.389,2.559,2.679,2.259,2.459,2.059,1.909,1.739,1.609,2017
Competitor-499,1.529,2.319,2.549,3.299,2.499,3.179,3.179,3.179,2.189,2.049,1.879,2.159,2017
Competitor-500,2.129,2.209,3.469,3.319,2.779,2.789,3.269,3.349,1.989,2.069,1.419,1.489,2017
Competitor-501,2.299,2.329,2.759,2.269,2.399,3.279,3.089,3.199,1.599,1.389,1.579,1.489,2017
Competitor-502,2.229,2.559,2.309,3.089,3.509,2.889,2.299,2.509,2.259,2.179,2.309,2.709,2017
Competitor-503,2.149,2.179,3.429,3.449,2.479,2.989,2.739,3.029,2.609,1.939,2.099,1.649,2017
Competitor-504,2.189,1.499,2.829,3.009,3.329,2.959,2.339,2.659,2.369,1.709,2.379,1.509,2017
Competitor-505,1.459,1.909,3.109,2.319,2.679,2.479,2.519,2.379,2.659,1.999,1.999,2.669,2017
Competitor-506,2.819,1.489,2.519,2.649,3.269,3.279,2.739,3.439,1.489,1.449,1.369,2.399,2017
Competitor-507,1.469,1.519,3.449,2.509,3.089,2.759,3.279,2.359,1.449,1.529,2.559,1.869,2017
Competitor-508,2.729,2.159,3.099,3.149,2.959,2.569,2.749,2.559,2.399,2.369,1.529,2.129,2017
Competitor-509,1.879,2.589,3.019,3.259,3.359,3.249,3.279,2.679,2.169,1.679,2.679,2.349,2017
Competitor-510,1.799,2.149,2.589,3.159,2.699,2.419,2.879,3.339,1.409,1.889,1.819,1.919,2017
Competitor-511,2.699,1.789,2.789,3.499,2.839,3.509,3.139,3.399,2.309,1.929,1.449,2.179,2017
Competitor-512,2.239,1.829,2.319,2.379,2.329,3.239,2.439,3.429,2.769,2.589,1.609,1.679,2017
Competitor-513,1.329,2.079,3.099,2.379,2.939,2.779,2.339,3.149,2.489,2.459,2.729,2.489,2017
Competitor-514,1.419,2.379,2.409,2.509,2.599,2.299,3.399,3.179,1.419,1.469,2.059,1.969,2017
Competitor-515,2.369,2.069,3.289,2.519,2.809,3.219,3.019,2.609,1.949,1.509,2.329,2.019,2017
Competitor-516,1.699,2.099,2.779,2.859,2.369,2.329,3.209,3.249,1.979,1.619,1.549,1.969,2017
Competitor-517,1.629,2.049,3.229,2.759,2.319,2.409,3.199,2.709,1.379,2.089,1.869,2.439,2017
Competitor-518,2.809,1.649,2.459,3.049,2.829,3.069,2.879,2.979,2.569,2.199,2.239,2.649,2017
Competitor-519,2.299,1.519,3.239,3.519,2.989,3.269,2.359,2.929,2.829,1.929,2.419,1.949,2017
Competitor-520,1.719,2.519,2.679,3.139,2.569,2.739,2.949,3.319,2.239,2.079,2.299,2.359,2017
Competitor-521,2.049,1.939,3.249,2.959,2.319,3.279,2.609,3.229,1.789,1.729,2.179,1.849,2017
Competitor-522,1.979,1.519,3.489,2.739,3.099,2.869,3.439,3.359,2.709,2.299,2.369,1.609,2017
Competitor-523,2.789,2.539,2.869,2.339,3.039,2.549,3.109,3.519,2.029,2.649,1.949,2.489,2017
Competitor-524,2.819,1.459,3.219,2.409,3.369,3.479,2.599,2.769,1.679,2.049,1.509,1.599,2017
Competitor-525,2.599,1.419,3.229,2.759,2.849,2.359,2.849,2.919,2.299,2.439,2.159,2.319,2017
Competitor-526,2.589,2.419,3.149,2.519,2.729,2.669,3.239,3.259,1.809,2.579,1.499,2.749,2017
Competitor-527,1.719,1.879,2.709,3.439,3.379,2.609,3.259,2.779,1.479,1.549,1.849,2.309,2017
Competitor-528,1.319,1.339,2.829,3.439,2.669,2.969,2.609,2.569,1.849,1.569,1.639,1.369,2017
Competitor-529,1.899,1.919,2.779,2.829,2.719,2.359,3.139,2.589,1.809,1.859,1.389,2.229,2017
Competitor-530,2.309,1.699,3.149,2.569,2.929,2.889,2.309,3.269,2.629,2.369,1.469,2.579,2017
Competitor-531,2.749,1.449,3.389,3.079,2.259,2.599,2.329,2.339,2.319,2.559,2.389,1.759,2017
Competitor-532,1.449,2.209,2.489,3.009,2.369,3.179,3.489,3.509,2.619,1.439,2.389,2.619,2017
Competitor-533,1.879,1.899,3.469,2.909,2.549,2.439,2.479,2.409,1.879,2.659,2.269,2.739,2017
Competitor-534,1.939,2.709,2.299,2.239,2.519,3.019,3.339,3.469,1.509,2.159,1.769,2.459,2017
Competitor-535,1.469,2.139,3.109,3.139,2.329,2.759,2.739,2.439,2.589,2.329,2.619,2.109,2017
Competitor-536,2.059,1.579,3.149,2.809,2.949,2.269,2.939,2.949,2.639,2.019,2.229,1.609,2017
Competitor-537,1.619,1.729,2.799,3.389,3.169,3.349,3.019,3.169,1.439,1.409,1.709,1.949,2017
Competitor-538,2.249,2.489,3.019,2.519,2.239,3.289,2.549,2.399,2.029,2.169,2.779,1.949,2017
Competitor-539,2.489,2.059,2.829,2.899,3.209,2.749,3.179,3.159,1.539,2.409,1.579,1.379,2017
Competitor-540,1.959,2.629,2.489,3.069,2.889,2.729,3.469,2.899,1.889,2.289,2.249,2.469,2017
Competitor-541,1.369,1.419,3.429,3.509,3.089,3.469,2.459,3.009,1.869,1.499,1.559,2.669,2017
Competitor-542,2.689,2.109,2.669,3.109,3.179,2.329,3.229,2.369,2.799,1.899,1.579,1.689,2017
Competitor-543,1.879,2.669,3.189,2.429,2.829,2.759,3.439,2.839,2.399,2.089,2.799,2.659,2017
Competitor-544,2.299,2.329,2.599,3.329,2.489,2.929,3.309,3.269,1.569,2.589,2.219,1.939,2017
Competitor-545,2.679,2.389,3.079,3.059,3.019,3.259,2.539,2.929,2.769,1.769,1.309,2.319,2017
Competitor-546,1.439,2.539,3.169,2.919,2.789,2.559,2.849,2.379,2.699,2.599,2.329,2.339,2017
Competitor-547,2.669,1.899,2.689,2.619,2.609,3.309,3.489,2.789,2.659,1.639,1.379,1.749,2017
Competitor-548,2.039,1.869,2.769,2.909,3.019,3.129,2.689,2.839,2.389,2.649,1.749,2.039,2017
Competitor-549,1.849,2.619,2.769,3.429,2.429,2.679,3.399,3.299,2.579,2.259,1.779,2.479,2017
Competitor-550,2.779,1.399,2.419,2.779,2.259,2.859,2.319,2.409,1.619,1.669,1.429,2.049,2017
Competitor-551,1.419,1.549,2.229,3.209,2.319,2.839,3.389,2.779,2.609,2.789,2.429,1.949,2017
Competitor-552,2.409,2.339,2.579,2.319,2.879,3.019,3.289,2.509,2.379,1.819,2.109,2.469,2017
Competitor-553,2.689,1.789,2.239,3.469,3.279,2.929,3.459,2.239,2.349,2.809,1.839,2.579,2017
Competitor-554,1.439,1.849,2.569,2.249,2.799,3.369,2.389,2.489,1.989,2.109,1.559,2.789,2017
Competitor-555,2.309,1.629,3.259,2.699,2.509,2.639,2.969,3.429,1.929,1.609,2.199,2.059,2017
Competitor-556,2.269,1.789,3.449,2.589,3.269,3.189,3.079,2.909,2.579,1.399,1.919,2.359,2017
Competitor-557,1.729,1.999,3.169,2.999,3.429,2.449,2.659,2.779,1.439,1.959,2.699,2.539,2017
Competitor-558,1.369,2.109,2.799,2.829,2.549,2.599,2.299,2.969,1.809,2.019,2.499,2.709,2017
Competitor-559,2.309,1.899,3.269,3.439,2.329,2.639,2.429,2.849,2.109,1.389,2.599,1.649,2017
Competitor-560,1.809,2.299,2.609,2.479,3.229,3.499,2.339,2.399,2.469,2.389,2.249,2.569,2017
Competitor-561,2.799,2.369,2.399,2.909,2.899,2.649,3.399,2.929,1.809,2.089,1.629,2.789,2017
Competitor-562,1.809,2.459,3.419,2.629,2.269,3.169,2.429,2.839,2.749,1.619,1.759,2.729,2017
Competitor-563,1.589,1.869,2.589,2.549,3.429,2.489,2.349,3.289,2.629,1.639,2.049,2.339,2017
Competitor-564,2.099,2.479,3.279,3.439,2.489,2.959,2.279,3.329,2.139,2.109,2.399,2.289,2017
Competitor-565,1.339,2.339,3.519,2.539,3.069,2.349,3.379,2.429,2.319,2.289,1.369,1.379,2017
Competitor-566,2.059,2.499,2.909,3.099,3.449,2.869,3.329,2.819,2.639,1.579,2.369,1.659,2017
Competitor-567,2.129,2.799,2.719,3.409,2.969,3.429,2.339,2.969,1.509,1.949,1.829,2.689,2017
Competitor-568,1.519,2.279,2.299,3.429,3.429,2.989,3.499,3.129,1.429,2.669,1.869,1.729,2017
Competitor-569,2.329,2.369,3.469,3.289,3.139,2.259,2.919,2.339,1.409,1.519,2.059,1.849,2017
Competitor-570,2.459,2.469,2.249,3.529,3.389,2.669,3.509,3.059,2.699,1.309,2.649,1.769,2017
Competitor-571,1.409,2.419,2.569,2.419,2.929,2.289,2.779,3.059,1.919,1.569,2.779,2.419,2017
Competitor-572,1.369,1.549,2.549,3.049,3.089,2.519,2.439,2.329,2.149,1.439,1.589,1.359,2017
Competitor-573,2.149,2.539,3.219,3.109,2.269,2.369,2.369,3.439,1.529,1.599,1.809,1.719,2017
Competitor-574,2.099,1.439,3.079,3.179,3.239,2.809,3.359,2.709,2.259,1.369,2.319,2.119,2017
Competitor-575,2.619,2.269,2.869,3.019,2.459,2.349,2.289,2.839,1.659,2.759,2.039,1.729,2017
Competitor-576,2.059,2.139,3.399,2.499,2.419,3.199,2.859,3.099,1.419,2.249,2.369,2.569,2017
Competitor-577,1.829,2.689,2.719,2.979,3.329,2.659,3.399,2.719,2.639,1.469,1.809,1.659,2017
Competitor-578,2.269,2.389,2.919,2.269,3.019,2.569,3.249,3.519,1.379,1.989,1.689,1.469,2017
Competitor-579,1.679,1.549,2.849,2.269,3.259,2.549,3.159,3.219,1.859,1.569,2.009,2.369,2017
Competitor-580,2.039,2.699,2.359,3.099,3.149,2.549,2.269,2.949,1.449,2.579,2.569,1.439,2017
Competitor-581,2.149,1.629,2.299,3.139,3.359,3.429,2.749,3.269,1.809,2.269,1.539,2.669,2017
Competitor-582,1.619,2.239,2.409,2.799,3.439,2.369,2.749,2.569,2.359,1.379,1.759,2.379,2017
Competitor-583,1.399,2.279,3.299,3.279,2.439,3.129,2.809,2.319,2.379,2.579,1.479,1.439,2017
Competitor-584,2.619,1.509,2.439,2.619,2.239,2.879,2.909,2.559,1.629,2.629,1.799,2.629,2017
Competitor-585,2.029,2.829,2.679,2.799,2.559,2.789,2.479,2.519,2.399,2.089,2.379,1.759,2017
Competitor-586,1.559,2.549,3.059,2.899,2.349,2.749,2.759,3.079,2.719,1.689,1.759,2.399,2017
Competitor-587,2.789,2.099,2.889,3.449,2.649,2.599,3.079,2.669,1.869,2.089,1.649,1.819,2017
Competitor-588,1.399,1.609,3.269,2.499,2.859,2.569,3.049,2.939,2.759,1.689,2.109,1.649,2017
Competitor-589,2.059,2.659,3.299,2.809,3.469,3.499,2.969,2.529,2.229,2.729,2.749,2.599,2017
Competitor-590,1.899,2.749,2.719,2.729,2.929,3.149,2.679,2.589,2.379,1.979,1.729,2.329,2017
Competitor-591,1.379,2.189,2.579,2.869,2.249,2.969,2.779,2.509,2.589,1.679,2.649,2.669,2017
Competitor-592,2.409,2.509,3.309,3.519,3.069,2.259,2.589,3.049,2.189,1.709,1.489,1.679,2017
Competitor-593,1.509,2.389,3.009,3.459,3.139,2.309,2.969,2.469,1.429,1.659,1.559,1.429,2017
Competitor-594,2.339,2.299,2.699,2.459,2.579,3.139,2.619,2.499,2.039,1.319,1.989,1.379,2017
Competitor-595,1.799,2.129,3.439,2.899,3.259,2.659,2.829,3.379,2.099,2.259,1.819,2.109,2017
Competitor-596,2.149,2.539,3.419,3.129,3.499,2.789,3.489,3.519,1.329,1.549,1.949,1.479,2017
Competitor-597,1.879,2.209,3.239,2.869,2.429,3.519,2.869,2.529,1.519,1.669,2.269,2.119,2017
Competitor-598,1.359,2.749,2.409,2.949,3.509,3.499,2.669,2.319,2.249,1.859,2.139,2.679,2017
Competitor-599,2.389,2.369,3.499,2.819,2.379,3.389,2.879,3.119,2.339,2.089,1.439,1.899,2017
Competitor-600,2.419,1.509,2.389,2.839,3.459,3.319,3.329,2.299,1.759,2.229,2.209,2.339,2017
Competitor-601,1.419,1.979,2.719,3.319,3.219,2.709,2.879,2.829,2.619,2.429,1.439,1.549,2017
Competitor-602,2.149,2.679,2.679,3.209,3.129,3.189,3.089,2.949,1.669,2.809,1.669,1.769,2017
Competitor-603,1.689,2.449,3.359,2.249,2.809,2.489,2.599,3.269,2.769,2.589,1.659,1.859,2017
Competitor-604,1.999,2.779,3.029,3.429,2.539,3.119,3.479,2.699,2.829,1.499,1.329,1.599,2017
Competitor-605,1.569,2.029,2.339,2.509,2.339,3.049,2.319,2.639,1.989,2.349,2.379,2.619,2017
Competitor-606,1.619,1.709,3.509,2.799,3.069,3.069,2.299,2.819,1.899,1.739,1.919,1.539,2017
Competitor-607,2.429,2.259,3.209,2.659,3.299,3.369,3.289,3.449,1.609,2.629,2.219,1.739,2017
Competitor-608,1.529,2.489,2.669,2.759,2.539,3.119,2.809,2.369,2.569,1.389,2.709,1.939,2017
Competitor-609,2.579,2.519,3.049,3.209,2.269,2.979,2.659,2.329,2.219,2.519,1.439,2.389,2017
Competitor-610,1.989,1.699,2.899,2.789,2.579,2.459,2.709,3.339,1.619,2.779,2.319,1.499,2017
Competitor-611,1.529,1.339,2.589,2.569,3.189,3.109,2.779,2.839,2.469,2.149,1.409,1.429,2017
Competitor-612,2.709,1.589,3.419,3.309,2.839,2.599,2.749,3.309,1.789,1.959,2.669,2.789,2017
Competitor-613,1.989,1.839,2.669,2.629,2.729,2.599,2.599,2.959,2.729,2.049,2.039,1.669,2017
Competitor-614,2.119,2.479,2.489,2.599,2.239,2.989,3.209,3.129,1.889,1.669,2.079,1.989,2017
Competitor-615,1.559,2.049,3.469,3.509,3.229,3.239,2.339,2.279,1.939,2.149,2.809,1.479,2017
Competitor-616,1.769,1.729,3.249,2.889,2.239,2.889,2.289,2.459,1.759,2.809,1.359,2.799,2017
Competitor-617,1.419,1.469,2.649,2.549,2.799,2.499,3.159,2.499,2.389,1.389,1.889,2.159,2017
Competitor-618,2.619,2.629,2.559,3.209,2.829,2.959,3.159,3.009,2.339,1.399,2.829,2.209,2017
Competitor-619,1.569,1.819,3.469,2.889,2.629,2.459,3.349,3.519,1.319,1.419,2.479,1.549,2017
Competitor-620,1.329,2.199,3.209,3.319,2.659,2.359,3.499,3.259,1.409,2.299,1.769,1.369,2017
Competitor-621,1.409,2.089,3.409,3.359,2.579,2.619,2.589,2.689,2.199,2.039,1.929,2.429,2017
Competitor-622,2.629,2.199,2.569,2.519,2.479,2.989,2.319,2.929,1.469,2.119,2.009,1.789,2017
Competitor-623,2.539,1.369,3.239,2.369,3.469,2.739,3.429,2.269,1.699,2.449,1.389,2.639,2017
Competitor-624,2.079,1.929,3.379,2.539,3.359,2.539,2.699,2.979,1.459,1.579,2.449,2.699,2017
Competitor-625,2.239,2.229,3.149,3.269,2.409,2.909,2.419,2.479,2.779,2.709,2.559,1.939,2017
Competitor-626,2.549,2.489,2.479,3.519,2.279,3.309,3.409,3.489,2.599,1.969,2.089,1.759,2017
Competitor-627,2.069,2.439,3.429,2.599,3.109,2.579,2.989,2.549,2.229,1.979,1.719,1.869,2017
Competitor-628,2.319,1.319,3.019,3.299,3.129,2.659,3.399,2.299,1.999,2.659,2.609,2.699,2017
Competitor-629,2.669,2.359,2.279,3.069,2.869,3.519,2.659,3.069,1.409,1.809,1.819,2.439,2017
Competitor-630,2.129,2.019,2.439,3.329,2.339,3.199,2.399,2.339,2.609,2.249,2.149,2.389,2017
Competitor-631,2.179,2.199,3.129,3.469,2.849,2.509,3.289,3.169,2.429,1.789,1.759,1.889,2017
Competitor-632,2.229,1.449,3.219,3.209,2.759,2.969,3.029,2.659,1.429,2.619,2.729,2.519,2017
Competitor-633,2.269,1.739,2.959,3.509,3.019,2.629,3.319,3.109,2.659,2.209,2.799,1.409,2017
Competitor-634,2.059,2.059,2.449,2.519,2.629,2.509,2.369,2.679,2.499,2.179,2.709,1.889,2017
Competitor-635,2.519,2.369,2.639,2.879,3.499,3.229,2.949,2.479,1.629,1.689,2.139,1.309,2017
Competitor-636,2.399,1.589,2.719,3.219,3.119,2.539,3.199,3.009,1.589,2.479,2.659,2.589,2017
Competitor-637,1.899,2.009,3.189,2.999,2.729,3.399,2.969,2.529,1.719,2.019,1.859,2.169,2017
Competitor-638,2.439,1.819,2.669,2.829,3.139,2.849,2.949,2.839,2.229,1.549,2.779,2.439,2017
Competitor-639,1.699,1.629,3.159,3.159,3.449,2.549,3.089,2.319,1.819,2.629,2.449,2.399,2017
Competitor-640,1.759,2.299,2.499,2.579,2.749,2.559,2.489,3.439,2.169,2.049,2.449,1.939,2017
Competitor-641,1.909,2.259,2.529,3.359,2.699,3.009,2.789,2.639,2.249,2.419,2.629,1.669,2017
Competitor-642,1.599,2.259,3.139,3.509,2.849,2.499,2.389,3.429,1.489,2.239,2.529,2.779,2017
Competitor-643,1.329,1.319,3.089,3.329,2.439,2.499,3.079,3.519,1.329,1.759,2.609,1.859,2017
Competitor-644,2.229,1.539,2.639,3.209,3.359,3.439,2.289,2.389,2.309,1.709,1.929,1.969,2017
Competitor-645,1.749,2.559,3.179,2.529,3.049,2.919,2.819,2.589,2.739,1.589,1.369,2.369,2017
Competitor-646,1.569,1.409,3.159,3.359,2.779,2.369,3.049,3.309,1.519,2.069,2.179,1.399,2017
Competitor-647,1.369,2.619,2.389,2.769,3.169,2.449,2.399,3.059,2.749,1.639,2.439,2.599,2017
Competitor-648,2.339,2.779,2.579,2.599,2.669,3.089,2.549,2.289,1.479,1.319,2.669,2.769,2017
Competitor-649,2.119,2.559,3.439,3.389,3.049,2.339,2.349,3.419,1.479,1.469,2.009,2.169,2017
Competitor-650,1.929,2.339,2.239,2.459,2.659,2.909,2.459,2.829,1.659,1.999,2.159,2.569,2017
Competitor-651,2.669,2.469,2.769,2.329,2.849,2.349,2.629,2.469,1.849,2.569,2.369,2.099,2017
Competitor-652,1.779,1.939,3.109,2.819,3.319,3.309,2.709,2.649,2.059,1.659,2.649,2.589,2017
Competitor-653,1.599,1.599,2.729,2.329,2.329,2.989,2.839,2.839,1.849,2.079,1.559,2.439,2017
Competitor-654,1.919,2.649,3.489,2.919,2.569,2.499,2.249,2.599,1.529,2.289,1.569,2.699,2017
Competitor-655,1.759,2.759,2.949,2.779,2.449,3.099,3.009,2.939,2.799,2.549,2.459,2.149,2017
Competitor-656,1.379,1.349,3.359,2.279,2.729,2.289,2.659,2.289,1.999,1.469,2.699,1.329,2017
Competitor-657,1.769,1.619,2.309,3.379,2.969,2.769,2.939,2.269,2.079,2.149,1.819,2.169,2017
Competitor-658,2.529,2.609,2.889,2.249,3.289,2.359,2.239,3.109,1.859,1.389,2.459,1.409,2017
Competitor-659,2.039,1.469,2.699,2.759,2.299,2.809,3.349,2.579,1.379,1.599,1.699,1.929,2017
Competitor-660,1.779,1.869,2.759,3.139,3.249,2.369,2.929,3.449,2.279,2.649,1.999,2.119,2017
Competitor-661,2.669,2.589,2.849,2.989,2.509,3.369,2.689,3.469,2.509,2.529,1.619,2.159,2017
Competitor-662,1.489,2.589,2.869,2.679,2.489,3.159,3.449,3.389,2.139,1.559,1.869,2.499,2017
Competitor-663,2.019,1.919,2.709,3.319,3.099,3.469,2.689,2.579,1.759,1.629,2.449,1.719,2017
Competitor-664,1.929,1.539,2.259,3.139,2.389,3.109,3.239,3.419,1.769,2.489,2.459,2.759,2017
Competitor-665,1.519,1.969,3.129,3.279,2.919,3.139,3.439,2.239,1.619,2.249,1.609,2.629,2017
Competitor-666,2.469,1.319,3.119,2.549,3.329,2.929,3.039,3.379,2.519,2.369,1.819,1.429,2017
Competitor-667,2.559,2.799,2.449,3.169,2.329,2.499,3.299,3.219,1.609,2.709,1.599,1.689,2017
Competitor-668,1.979,2.289,3.049,2.379,2.669,2.609,2.859,3.459,2.429,1.579,2.649,1.959,2017
Competitor-669,2.679,1.649,3.419,3.179,2.709,2.309,2.559,3.399,1.319,2.719,2.739,1.999,2017
Competitor-670,1.419,1.889,2.799,3.309,2.339,2.459,2.279,2.639,2.519,2.649,2.699,2.329,2017
Competitor-671,2.289,2.759,2.289,3.519,2.459,2.319,3.049,2.369,2.409,2.089,2.229,2.479,2017
Competitor-672,2.069,2.609,2.249,3.289,3.299,3.489,3.399,2.719,2.749,1.939,2.449,2.319,2017
Competitor-673,1.419,2.729,3.189,3.289,2.299,2.899,2.239,3.299,2.249,2.669,2.329,1.379,2017
Competitor-674,2.329,2.169,2.609,3.239,2.649,2.889,3.509,2.509,2.649,1.389,2.639,2.699,2017
Competitor-675,1.409,2.479,3.339,3.449,3.509,3.469,2.919,2.629,1.839,1.679,2.049,2.179,2017
Competitor-676,2.029,2.329,2.949,2.789,3.309,2.759,2.649,3.059,2.099,2.039,2.059,2.649,2017
Competitor-677,1.529,1.629,2.519,2.939,3.109,2.519,2.619,2.789,2.509,1.889,1.919,1.659,2017
Competitor-678,1.839,2.769,2.579,2.549,2.859,2.319,2.719,3.169,1.919,1.999,2.519,2.049,2017
Competitor-679,1.619,2.709,2.229,3.519,3.239,2.319,2.509,2.669,2.779,1.929,1.729,1.559,2017
Competitor-680,2.299,2.409,2.899,3.249,2.309,3.379,2.289,2.699,1.369,2.709,1.849,2.279,2017
Competitor-681,1.359,1.379,3.199,2.989,2.479,3.429,3.419,3.129,1.779,1.449,2.079,2.449,2017
Competitor-682,1.829,2.209,3.039,2.389,2.999,2.789,3.089,3.439,2.039,2.349,2.499,2.189,2017
Competitor-683,2.009,2.639,2.919,2.269,3.279,3.399,3.069,3.209,1.559,1.369,1.629,1.569,2017
Competitor-684,1.419,2.139,3.469,3.249,3.129,3.429,2.559,3.339,2.599,2.719,2.389,1.349,2017
Competitor-685,2.369,1.439,3.069,3.129,2.399,2.589,2.589,3.229,1.409,2.109,2.659,2.419,2017
Competitor-686,2.339,2.159,2.419,2.929,2.319,3.229,3.219,2.939,2.769,2.239,2.279,2.649,2017
Competitor-687,1.889,2.609,2.989,2.739,2.459,3.389,3.029,2.329,1.619,2.099,2.459,1.809,2017
Competitor-688,2.739,2.389,2.649,3.269,3.189,2.369,3.279,2.819,1.449,1.949,2.569,1.609,2017
Competitor-689,2.709,2.669,2.879,2.249,3.429,2.409,2.999,2.409,1.859,2.519,1.849,2.289,2017
Competitor-690,2.289,1.799,2.929,2.609,3.059,3.059,2.799,3.019,1.419,2.109,1.309,1.759,2017
Competitor-691,2.779,2.799,3.199,2.849,2.759,2.759,3.279,2.799,2.709,1.969,2.049,1.699,2017
Competitor-692,2.589,2.739,2.679,3.259,3.169,2.709,2.669,2.359,1.519,1.909,1.369,1.909,2017
Competitor-693,1.879,2.769,2.469,2.489,2.929,2.619,3.159,2.669,2.429,1.389,2.389,1.389,2017
Competitor-694,1.429,1.979,3.249,2.489,2.919,3.339,2.889,2.699,2.039,2.009,1.889,2.499,2017
Competitor-695,2.139,1.489,3.039,2.869,2.269,2.509,3.059,3.409,1.529,1.949,1.589,2.129,2017
Competitor-696,1.569,2.499,3.279,3.519,2.949,3.019,2.309,2.879,2.399,1.839,2.249,1.449,2017
Competitor-697,2.109,2.019,2.289,3.179,2.439,3.209,3.179,2.579,2.589,2.389,2.819,1.579,2017
Competitor-698,2.339,1.879,3.059,3.349,2.519,3.169,3.139,2.349,1.599,1.529,2.629,2.189,2017
Competitor-699,1.479,1.449,2.789,2.879,3.189,3.009,3.179,2.439,2.509,1.589,1.949,2.379,2017
Competitor-700,2.659,2.719,2.909,2.359,3.479,2.929,2.289,2.579,2.329,2.589,2.239,2.189,2017
Competitor-701,1.339,1.479,2.979,2.869,3.169,2.329,2.719,3.369,1.539,2.099,2.109,2.089,2017
Competitor-702,1.569,1.339,3.109,3.259,2.699,3.109,3.379,2.839,2.799,2.809,1.779,2.539,2017
Competitor-703,2.349,1.539,2.479,3.049,3.379,3.449,3.389,3.519,2.519,1.649,2.599,1.329,2017
Competitor-704,1.899,2.459,2.669,3.459,2.349,2.589,3.389,2.429,2.699,2.599,1.439,1.359,2017
Competitor-705,1.779,1.669,2.339,2.699,2.619,3.479,2.779,2.459,2.189,2.549,2.149,2.459,2017
Competitor-706,2.649,1.499,3.469,3.519,2.669,2.279,3.459,3.519,1.499,2.399,1.519,1.809,2017
Competitor-707,2.039,1.789,2.969,2.259,2.719,3.169,3.349,2.269,1.399,1.689,2.559,2.689,2017
Competitor-708,2.169,2.079,3.359,2.649,3.519,2.499,2.569,2.569,2.489,2.719,2.379,2.219,2017
Competitor-709,1.719,2.729,3.189,2.269,2.919,2.399,3.349,3.429,1.789,1.829,2.159,2.069,2017
Competitor-710,2.599,2.399,2.789,3.479,2.549,3.179,3.359,2.419,2.119,1.909,1.979,1.939,2017
Competitor-711,2.729,2.589,2.679,2.849,2.269,2.239,2.719,3.419,2.749,1.769,2.629,1.389,2017
Competitor-712,1.379,1.669,3.169,3.339,2.249,2.629,3.409,2.489,1.829,1.759,1.719,1.519,2017
Competitor-713,1.349,2.379,2.299,3.009,2.489,2.839,2.989,3.219,2.109,1.479,1.439,1.989,2017
Competitor-714,2.639,1.409,3.199,2.869,2.289,3.139,3.369,2.989,2.349,1.719,2.289,2.639,2017
Competitor-715,2.539,2.279,2.839,3.139,3.029,2.419,2.719,2.869,1.369,1.649,1.959,1.639,2017
Competitor-716,2.149,1.419,2.489,3.269,3.359,3.019,2.649,3.159,2.699,2.259,1.799,1.439,2017
Competitor-717,2.449,1.359,2.459,3.419,3.079,2.489,2.369,2.379,2.389,2.289,1.499,2.629,2017
Competitor-718,2.729,2.029,2.909,3.319,3.199,3.199,3.309,3.289,2.529,2.399,2.099,2.499,2017
Competitor-719,1.439,1.349,3.009,3.519,3.299,2.979,3.529,3.089,2.619,2.169,1.489,1.589,2017
Competitor-720,2.699,1.679,2.249,3.139,3.489,2.669,3.439,2.849,1.669,1.909,1.979,2.769,2017
Competitor-721,2.179,2.209,3.099,2.899,3.139,3.119,3.039,3.309,2.699,2.339,2.709,1.569,2017
Competitor-722,2.799,1.979,2.709,2.889,3.389,3.349,3.269,3.349,2.649,2.299,1.579,1.449,2017
Competitor-723,1.359,1.679,3.009,3.389,2.909,2.259,2.959,2.319,2.819,2.769,2.519,2.699,2017
Competitor-724,1.739,2.549,2.439,2.889,2.309,2.679,3.229,2.409,1.969,2.009,2.399,1.599,2017
Competitor-725,2.299,1.509,2.989,3.289,2.869,2.739,2.419,3.429,1.419,2.579,2.459,1.979,2017
Competitor-726,2.509,2.179,2.639,3.389,3.509,2.849,3.399,3.299,2.079,2.259,1.969,1.589,2017
Competitor-727,2.779,1.359,2.659,3.279,2.409,3.239,3.269,2.959,2.579,2.439,1.819,2.529,2017
Competitor-728,2.219,2.389,2.499,2.549,2.899,2.869,2.959,3.299,2.439,1.429,1.949,2.829,2017
Competitor-729,1.379,1.789,2.979,2.999,2.939,2.349,3.179,2.879,2.129,1.849,2.199,1.999,2017
Competitor-730,2.619,1.599,2.789,2.359,3.129,3.229,3.439,3.459,1.619,1.899,2.419,1.559,2017
Competitor-731,1.979,2.569,3.179,2.869,2.599,3.329,2.269,2.509,2.039,2.359,1.889,2.409,2017
Competitor-732,2.249,2.639,2.679,2.439,2.679,2.679,3.309,2.839,1.509,1.999,2.419,2.569,2017
Competitor-733,2.809,1.829,2.269,2.619,3.309,3.229,2.859,2.259,2.169,1.899,2.789,1.479,2017
Competitor-734,2.589,2.479,3.279,3.119,2.879,2.339,2.629,2.589,2.049,2.569,1.589,2.049,2017
Competitor-735,2.669,2.689,2.239,2.269,2.809,2.739,3.249,2.549,2.109,1.319,1.929,1.799,2017
Competitor-736,2.389,1.749,2.749,3.459,2.709,2.329,2.319,2.889,2.249,1.559,1.909,2.679,2017
Competitor-737,1.959,2.029,3.289,2.619,2.799,2.489,2.709,2.919,2.359,1.419,2.409,1.929,2017
Competitor-738,1.649,2.329,3.049,3.499,3.369,2.969,2.639,3.389,2.559,2.609,2.629,1.669,2017
Competitor-739,1.799,2.589,2.449,2.499,3.339,2.829,3.229,3.119,2.619,2.019,1.659,1.749,2017
Competitor-740,1.559,1.759,2.479,2.719,3.479,2.399,2.959,2.599,1.669,2.089,2.409,2.239,2017
Competitor-741,2.619,1.639,3.419,2.719,2.329,2.759,3.249,2.429,1.409,2.799,2.419,2.259,2017
Competitor-742,2.659,1.799,3.189,3.069,3.319,3.499,2.779,3.479,1.969,2.229,2.389,1.329,2017
Competitor-743,2.349,2.769,2.899,2.239,3.159,2.819,3.249,2.689,1.659,2.379,1.499,1.679,2017
Competitor-744,2.359,1.979,3.489,2.569,3.299,2.879,2.429,2.819,2.249,2.149,2.679,2.259,2017
Competitor-745,2.159,1.979,2.849,3.479,2.659,2.919,2.339,2.889,2.389,2.779,2.329,2.249,2017
Competitor-746,2.409,2.809,3.309,2.979,2.439,3.399,2.569,3.199,1.459,2.729,2.019,2.119,2017
Competitor-747,2.289,2.269,2.489,2.589,2.779,2.259,2.619,3.249,1.369,1.949,1.629,2.689,2017
Competitor-748,2.509,2.599,2.719,2.999,3.339,2.799,3.139,3.139,1.889,1.919,1.799,1.339,2017
Competitor-749,2.589,1.519,2.989,2.899,2.959,2.919,3.349,3.099,1.349,2.679,2.399,2.739,2017
Competitor-750,1.989,1.699,3.519,2.629,3.009,3.019,2.759,3.509,2.479,2.439,1.389,2.559,2017
Competitor-751,2.759,1.879,2.439,3.469,2.399,2.379,3.439,3.359,1.639,2.769,1.979,2.319,2017
Competitor-752,2.599,2.379,3.069,3.249,3.329,2.879,3.259,2.749,2.579,1.819,2.429,2.429,2017
Competitor-753,1.429,2.239,2.259,3.189,2.389,3.349,2.399,2.709,1.579,2.259,1.319,1.609,2017
Competitor-754,2.299,2.519,3.319,2.669,2.659,3.009,2.309,3.279,1.709,2.479,1.749,2.789,2017
Competitor-755,2.259,2.389,2.619,2.749,2.469,2.979,2.749,2.559,1.529,2.549,2.539,2.709,2017
Competitor-756,2.279,1.329,2.709,3.149,2.939,2.799,3.189,2.619,2.259,1.819,1.729,2.489,2017
Competitor-757,1.349,1.889,3.449,3.159,2.759,2.459,2.589,2.409,2.469,1.399,1.819,1.599,2017
Competitor-758,1.379,2.019,2.709,2.239,2.299,2.769,3.509,2.969,1.679,1.469,1.799,2.009,2017
Competitor-759,2.129,2.509,3.209,3.439,3.339,2.859,2.789,3.509,1.429,1.449,1.499,2.259,2017
Competitor-760,2.709,2.159,2.279,2.309,3.249,3.029,3.059,2.559,1.539,1.339,1.999,1.529,2017
Competitor-761,1.729,1.729,3.159,2.899,3.289,2.259,2.369,2.869,2.209,1.959,1.849,2.349,2017
Competitor-762,2.639,1.389,2.249,2.679,2.389,2.659,2.399,2.469,1.869,1.329,1.679,2.019,2017
Competitor-763,1.589,1.609,3.249,3.119,3.109,2.589,3.179,2.529,1.919,1.599,2.719,1.749,2017
Competitor-764,2.749,1.939,2.559,2.719,2.599,3.449,2.679,2.669,1.649,1.699,1.439,1.389,2017
Competitor-765,2.069,2.639,2.709,2.299,2.509,2.239,3.169,2.879,2.329,1.749,1.769,1.319,2017
Competitor-766,2.639,2.699,2.479,2.899,2.519,3.049,2.229,3.129,2.569,1.979,2.469,1.479,2017
Competitor-767,2.039,2.149,3.009,3.139,2.639,2.889,2.279,3.209,2.559,2.039,1.859,2.349,2017
Competitor-768,2.539,2.249,3.409,3.349,2.379,2.629,3.129,3.229,2.349,2.049,2.569,2.599,2017
Competitor-769,1.549,1.369,3.229,3.109,3.289,2.419,3.329,2.529,1.869,2.499,2.749,1.409,2017
Competitor-770,2.639,2.379,3.319,3.309,2.319,2.449,3.259,2.309,2.189,1.449,2.299,2.129,2017
Competitor-771,1.589,2.669,2.979,3.329,2.859,3.009,2.809,3.079,2.509,1.489,2.069,2.599,2017
Competitor-772,1.769,1.759,3.209,2.609,3.459,2.619,2.809,3.059,1.699,2.089,2.099,1.609,2017
Competitor-773,2.559,2.449,2.979,2.859,3.279,2.289,3.169,3.009,1.559,2.469,1.649,1.459,2017
Competitor-774,2.239,2.769,2.679,2.739,2.429,2.699,2.419,2.349,2.759,2.449,1.969,2.439,2017
Competitor-775,2.569,1.879,3.079,2.859,3.459,2.639,2.939,3.039,2.699,1.519,2.589,1.579,2017
Competitor-776,2.609,2.499,2.619,2.949,2.959,2.999,3.069,2.679,1.959,2.729,2.509,2.219,2017
Competitor-777,1.689,1.609,2.729,2.919,2.609,3.099,2.989,3.149,1.649,1.319,2.109,1.909,2017
Competitor-778,2.759,1.579,2.309,3.249,2.569,3.289,2.449,3.169,1.709,1.749,2.169,2.669,2017
Competitor-779,2.159,2.039,3.179,3.309,2.629,2.549,3.279,2.639,2.769,1.989,1.499,2.079,2017
Competitor-780,2.699,2.669,3.489,3.209,2.289,2.539,2.979,2.839,1.429,2.209,2.329,1.639,2017
Competitor-781,2.669,2.329,3.299,3.419,3.479,3.139,3.089,3.229,1.719,1.549,1.699,2.379,2017
Competitor-782,1.489,1.849,3.239,2.909,3.339,2.989,3.139,2.579,2.569,2.319,2.439,2.699,2017
Competitor-783,1.879,1.479,2.639,2.789,3.069,3.009,2.259,3.489,2.329,1.939,2.799,2.759,2017
Competitor-784,1.889,1.679,2.699,2.969,3.159,2.509,3.049,3.049,1.559,1.479,1.709,1.709,2017
Competitor-785,2.119,1.989,3.139,2.699,3.199,2.649,3.179,2.369,2.119,1.629,2.079,1.839,2017
Competitor-786,1.369,2.249,3.369,2.519,2.309,3.059,2.289,3.259,2.739,2.749,2.009,2.699,2017
Competitor-787,1.729,2.409,2.649,2.269,3.299,3.299,3.309,3.249,1.519,1.509,2.529,1.539,2017
Competitor-788,2.609,2.069,2.609,3.459,2.639,2.429,3.339,3.429,1.949,1.599,1.759,2.589,2017
Competitor-789,1.379,2.589,2.319,3.009,2.909,3.019,3.279,2.659,1.519,1.949,1.329,2.779,2017
Competitor-790,1.629,2.059,2.739,3.199,2.759,2.289,3.519,2.999,1.689,1.739,1.439,2.069,2017
Competitor-791,2.339,2.369,2.639,2.259,2.379,3.329,3.259,3.519,1.789,2.509,2.619,1.309,2017
Competitor-792,1.709,2.069,3.109,3.259,2.909,2.439,2.849,2.799,2.269,1.619,2.599,1.929,2017
Competitor-793,2.059,2.359,3.209,2.819,2.609,3.269,2.399,2.629,2.009,1.529,2.199,2.349,2017
Competitor-794,1.849,2.329,2.649,3.219,3.469,2.859,3.179,2.919,2.419,2.349,2.349,1.889,2017
Competitor-795,2.039,1.859,3.269,3.099,3.239,2.569,2.979,2.439,2.239,1.729,2.049,2.439,2017
Competitor-796,2.759,1.539,2.579,2.899,3.119,2.609,3.279,3.479,1.669,1.539,2.739,2.729,2017
Competitor-797,2.279,2.769,2.719,2.319,3.389,3.479,2.479,3.179,1.819,2.009,2.259,2.579,2017
Competitor-798,1.939,1.799,2.339,3.219,2.769,2.299,2.949,2.969,2.799,2.689,1.649,2.209,2017
Competitor-799,2.229,1.809,2.669,3.389,3.269,2.559,2.749,3.359,2.179,2.029,2.349,2.569,2017
Competitor-800,2.699,1.799,2.559,3.379,2.559,3.039,3.289,2.409,2.259,1.419,2.709,2.059,2017
Competitor-801,1.779,1.639,3.309,3.069,2.339,3.019,2.719,2.599,2.409,1.329,2.549,1.609,2017
Competitor-802,1.909,2.619,3.309,3.389,2.239,3.309,2.879,3.199,2.089,2.579,2.719,2.409,2017
Competitor-803,2.379,1.629,2.759,2.959,3.459,3.179,3.079,3.199,2.369,1.499,1.389,1.839,2017
Competitor-804,1.699,2.439,2.979,2.679,2.969,2.779,2.959,3.409,2.309,2.249,1.379,2.569,2017
Competitor-805,2.659,1.929,2.689,3.299,2.619,2.909,3.119,2.249,1.499,2.699,1.569,2.489,2017
Competitor-806,1.419,1.749,2.989,3.449,2.509,2.339,3.189,2.519,2.249,2.129,1.319,1.909,2017
Competitor-807,1.349,2.729,3.529,2.729,2.739,3.399,2.479,3.249,2.269,1.949,1.439,1.769,2017
Competitor-808,1.579,2.469,2.639,2.489,2.489,2.599,3.169,2.869,2.359,2.779,1.339,1.809,2017
Competitor-809,2.539,1.859,2.799,3.169,3.389,2.959,3.519,3.319,2.389,2.739,1.319,1.309,2017
Competitor-810,1.749,2.469,3.379,2.279,2.979,2.799,3.269,2.239,1.619,1.709,1.519,2.409,2017
Competitor-811,1.359,2.689,2.779,3.099,2.519,2.799,2.819,2.309,1.439,1.519,2.419,2.029,2017
Competitor-812,1.699,1.549,2.289,3.429,2.279,2.419,2.989,3.389,2.769,2.779,2.559,2.799,2017
Competitor-813,1.919,2.689,2.809,2.789,2.539,2.329,2.329,3.299,1.399,2.619,1.629,1.879,2017
Competitor-814,2.279,2.209,2.959,2.859,3.169,2.339,2.839,2.299,1.509,2.499,1.949,1.639,2017
Competitor-815,2.589,2.339,2.729,2.719,2.319,3.089,2.989,2.269,2.509,1.749,1.559,2.509,2017
Competitor-816,1.359,2.679,3.339,3.249,2.989,3.499,2.279,2.549,1.789,1.649,2.779,2.119,2017
Competitor-817,1.609,2.649,2.239,2.259,2.989,2.579,2.709,2.659,2.779,2.659,1.909,1.329,2017
Competitor-818,2.359,1.709,3.219,3.059,3.249,3.129,3.099,3.419,2.109,1.709,2.459,2.799,2017
Competitor-819,2.429,1.439,3.349,3.109,2.609,2.359,2.579,3.319,1.399,2.719,2.559,1.969,2017
Competitor-820,1.539,2.449,2.659,3.469,2.639,2.849,2.709,3.009,2.359,2.329,1.449,2.219,2017
Competitor-821,2.159,2.699,2.329,3.259,3.119,2.479,3.419,3.049,2.089,2.599,2.269,2.259,2017
Competitor-822,2.289,2.519,2.269,3.289,3.289,3.199,2.539,2.919,2.219,1.499,1.559,2.419,2017
Competitor-823,1.649,1.769,3.049,3.409,2.609,2.679,3.189,2.479,2.359,2.819,2.649,1.639,2017
Competitor-824,2.819,1.959,2.329,3.069,3.109,3.479,2.659,3.409,2.069,2.319,2.299,1.989,2017
Competitor-825,1.969,2.689,3.439,3.519,3.289,3.089,3.349,3.349,2.509,2.029,2.289,2.249,2017
Competitor-826,2.139,2.779,3.379,3.499,3.229,3.509,3.059,2.489,1.599,1.469,2.639,1.419,2017
Competitor-827,1.389,2.399,3.169,2.649,2.359,3.259,2.279,3.269,1.879,1.449,1.959,2.189,2017
Competitor-828,2.039,2.589,2.959,3.089,2.349,3.519,3.529,2.809,2.669,2.359,2.389,2.089,2017
Competitor-829,1.339,2.409,2.839,3.449,3.159,3.279,3.349,2.259,2.219,2.439,2.359,1.749,2017
Competitor-830,2.669,2.199,3.059,2.689,2.759,3.259,2.719,2.749,2.549,2.039,2.519,2.229,2017
Competitor-831,2.119,1.669,3.099,2.299,2.709,2.669,2.399,2.679,1.659,1.819,1.649,2.619,2017
Competitor-832,1.559,2.189,2.489,2.399,2.309,2.939,2.919,2.589,2.039,1.879,2.619,1.719,2017
Competitor-833,2.039,1.599,3.419,2.849,3.439,3.449,2.439,2.779,2.429,2.099,2.359,2.389,2017
Competitor-834,1.579,1.909,3.039,2.579,2.939,2.739,2.979,3.029,1.659,1.819,1.809,1.979,2017
Competitor-835,2.299,1.719,2.979,2.519,2.559,2.339,3.469,3.069,2.199,2.069,2.249,1.959,2017
Competitor-836,2.189,1.319,3.299,2.809,3.409,3.339,2.769,2.799,1.559,2.269,2.659,2.739,2017
Competitor-837,1.789,2.319,3.529,2.639,3.289,3.469,3.459,2.919,1.799,2.549,1.489,2.249,2017
Competitor-838,2.409,1.609,2.439,3.179,2.589,3.509,2.849,2.799,1.819,2.759,1.439,1.339,2017
Competitor-839,1.769,2.089,2.999,3.049,2.419,2.289,2.489,2.529,1.959,2.599,1.929,1.649,2017
Competitor-840,2.559,2.459,2.829,2.289,3.469,3.029,2.269,2.619,1.969,2.239,1.339,2.169,2017
Competitor-841,1.409,1.979,3.019,3.399,2.589,2.439,2.889,2.509,2.049,2.009,1.959,1.699,2017
Competitor-842,1.779,2.479,3.159,2.919,2.779,2.979,2.559,2.989,2.259,2.109,2.699,1.749,2017
Competitor-843,1.379,1.689,2.679,3.429,2.249,3.379,2.459,2.969,1.459,1.769,1.519,1.999,2017
Competitor-844,2.459,2.379,2.989,2.809,3.289,2.819,3.009,2.509,1.749,1.409,2.109,2.619,2017
Competitor-845,2.739,2.819,2.859,3.529,2.359,2.419,3.489,3.389,1.729,2.369,2.789,1.439,2017
Competitor-846,2.519,1.749,2.979,2.809,3.269,3.389,3.069,2.599,2.659,2.769,2.379,1.879,2017
Competitor-847,2.159,1.389,2.619,2.369,3.079,3.379,3.409,2.629,1.429,2.429,1.409,2.499,2017
Competitor-848,1.629,1.319,3.229,2.259,3.429,3.529,2.449,3.079,2.579,1.939,1.479,1.339,2017
Competitor-849,1.719,2.249,2.539,2.779,2.279,3.279,2.679,2.449,2.209,2.559,2.499,2.149,2017
Competitor-850,1.709,1.979,2.889,2.729,3.179,3.109,3.329,2.279,2.119,2.199,2.039,2.239,2017
Competitor-851,2.499,2.529,2.429,3.399,2.269,3.129,2.339,2.499,2.169,2.119,1.539,2.829,2017
Competitor-852,1.709,2.009,2.269,2.899,3.149,3.289,3.049,2.659,1.449,2.479,1.909,2.569,2017
Competitor-853,1.799,1.419,2.409,3.159,2.569,2.419,2.619,3.029,1.769,2.569,2.749,1.909,2017
Competitor-854,2.649,2.369,2.859,2.889,2.499,2.719,2.739,2.659,2.779,1.329,2.609,2.749,2017
Competitor-855,1.319,2.099,3.169,2.329,3.389,2.879,2.979,3.169,1.939,1.869,2.089,2.419,2017
Competitor-856,1.739,1.809,3.029,3.159,2.809,3.429,2.249,3.499,2.589,1.969,2.219,2.219,2017
Competitor-857,1.829,2.229,3.219,2.829,2.459,2.809,2.279,2.259,2.789,1.499,1.489,2.309,2017
Competitor-858,2.759,2.529,3.299,3.119,3.089,2.459,2.619,3.039,2.139,1.879,2.149,1.719,2017
Competitor-859,1.479,2.069,2.859,2.589,2.389,3.129,3.139,3.149,1.999,1.429,1.489,2.019,2017
Competitor-860,2.459,2.039,3.029,2.849,2.439,2.989,2.839,3.219,1.799,2.769,1.449,2.769,2017
Competitor-861,2.519,2.059,2.429,2.859,2.529,3.449,3.019,3.029,2.429,1.939,2.589,1.619,2017
Competitor-862,1.379,1.849,2.419,3.089,2.239,2.839,2.819,2.999,2.259,2.509,2.589,2.189,2017
Competitor-863,2.809,1.529,2.549,3.339,3.369,2.679,3.369,3.299,2.469,2.009,2.779,1.689,2017
Competitor-864,2.729,1.329,2.719,3.179,3.299,2.239,2.999,2.999,2.069,1.819,2.419,2.509,2017
Competitor-865,2.349,2.119,2.779,2.379,2.809,3.349,3.079,2.429,2.799,2.179,2.679,1.739,2017
Competitor-866,1.499,2.639,2.319,2.229,3.429,2.469,3.449,3.279,1.499,2.649,1.989,2.509,2017
Competitor-867,2.499,2.659,2.809,2.869,2.969,2.369,3.429,2.979,2.659,2.349,1.919,2.249,2017
Competitor-868,2.469,2.079,2.739,3.029,2.749,2.859,2.479,2.999,2.309,2.769,1.489,2.279,2017
Competitor-869,2.629,1.879,2.969,3.359,2.589,2.469,2.759,3.389,2.759,1.689,2.499,2.599,2017
Competitor-870,2.689,1.359,2.509,3.369,3.499,2.399,2.529,2.309,2.679,1.429,2.349,1.419,2017
Competitor-871,2.139,1.979,3.379,2.269,2.589,3.009,2.839,3.389,2.509,2.509,1.979,1.579,2017
Competitor-872,2.279,2.019,2.909,2.479,2.259,2.309,2.239,2.999,2.779,1.499,1.329,1.809,2017
Competitor-873,1.349,1.919,2.239,3.359,3.319,2.879,2.799,2.719,2.019,2.379,2.499,2.279,2017
Competitor-874,2.119,1.819,2.729,3.179,3.139,2.519,3.419,3.299,1.509,2.319,1.849,1.879,2017
Competitor-875,2.489,2.369,2.299,2.249,3.509,2.989,2.249,2.399,1.529,2.759,2.179,1.589,2017
Competitor-876,2.829,2.319,2.569,3.239,2.739,3.389,2.329,3.079,2.019,1.639,2.019,1.909,2017
Competitor-877,2.789,2.429,2.589,2.509,3.289,2.389,2.749,2.439,1.679,2.479,2.039,2.429,2017
Competitor-878,2.059,1.369,3.259,3.109,2.669,2.399,3.209,2.239,1.439,2.429,2.679,2.089,2017
Competitor-879,1.959,2.449,2.459,2.629,2.779,3.429,2.579,3.419,1.899,2.539,1.349,2.549,2017
Competitor-880,1.599,1.739,2.589,2.309,2.359,3.049,3.079,2.729,2.309,2.149,1.539,1.899,2017
Competitor-881,2.329,1.979,2.629,3.099,2.469,2.609,2.859,2.909,2.669,1.709,2.139,1.459,2017
Competitor-882,2.359,1.949,3.169,3.269,3.439,3.129,3.509,2.289,1.409,2.039,2.259,1.659,2017
Competitor-883,2.189,1.659,2.529,3.099,2.789,2.739,2.719,3.019,2.749,1.789,2.379,2.739,2017
Competitor-884,2.269,2.359,2.299,2.929,3.189,3.489,2.789,3.329,1.389,2.669,1.549,1.599,2017
Competitor-885,1.919,2.579,3.349,2.579,3.199,2.449,3.359,3.489,2.159,1.549,1.339,2.149,2017
Competitor-886,1.899,1.699,2.499,2.459,2.929,3.479,2.429,3.119,2.069,2.109,1.549,2.249,2017
Competitor-887,2.479,1.349,2.709,2.839,2.269,2.279,2.629,2.479,1.779,1.459,2.169,1.439,2017
Competitor-888,1.839,2.729,3.069,3.049,2.739,2.729,3.249,3.469,2.509,2.619,1.969,2.609,2017
Competitor-889,1.669,2.799,3.469,2.339,2.989,2.929,3.209,2.619,2.359,1.979,1.649,2.699,2017
Competitor-890,1.489,1.899,2.519,2.239,2.299,2.239,3.069,2.379,1.349,2.339,2.669,1.439,2017
Competitor-891,2.709,1.999,2.649,2.329,2.729,3.329,2.859,2.959,1.879,2.799,2.529,2.149,2017
Competitor-892,2.269,1.909,2.569,3.459,2.449,3.339,3.209,2.839,1.779,2.539,1.969,2.479,2017
Competitor-893,1.469,2.129,3.469,2.239,3.409,2.449,3.059,2.919,2.419,2.229,1.929,1.969,2017
Competitor-894,1.699,1.859,2.339,3.519,2.489,3.009,2.559,3.339,2.169,1.749,1.459,1.559,2017
Competitor-895,1.519,1.559,3.419,2.609,3.189,2.409,2.889,2.639,1.769,2.119,1.659,1.319,2017
Competitor-896,1.389,1.999,2.669,3.249,3.389,3.099,3.299,2.879,2.399,1.369,2.709,1.339,2017
Competitor-897,2.489,1.409,2.259,2.469,2.249,2.309,2.889,3.019,1.569,2.539,1.599,1.919,2017
Competitor-898,2.279,2.389,3.429,2.419,2.999,2.919,2.949,2.249,1.889,2.029,1.579,1.399,2017
Competitor-899,2.459,1.549,2.289,2.809,3.429,2.389,2.469,3.209,1.779,1.919,2.389,2.389,2017
Competitor-900,1.319,1.869,2.399,2.389,2.899,3.099,3.039,2.299,2.759,2.579,1.599,2.359,2017
Competitor-901,2.719,2.399,3.399,2.919,2.629,2.979,2.569,3.169,1.909,2.129,1.459,1.609,2017
Competitor-902,1.639,1.309,3.439,2.839,2.379,3.109,3.409,3.429,1.599,2.639,2.179,1.679,2017
Competitor-903,1.939,1.799,2.659,2.499,2.939,2.779,3.129,2.469,1.819,2.459,2.509,2.539,2017
Competitor-904,2.059,2.639,3.169,2.519,2.529,2.819,2.319,2.909,2.569,1.619,1.539,1.399,2017
Competitor-905,2.059,1.459,2.789,2.449,2.309,2.729,2.699,3.469,2.529,1.729,2.049,1.389,2017
Competitor-906,2.649,2.739,3.049,2.479,3.289,2.449,3.379,2.959,1.349,1.989,1.559,2.309,2017
Competitor-907,2.549,1.679,2.909,3.269,2.739,3.509,3.289,3.139,2.239,2.009,2.059,2.489,2017
Competitor-908,1.949,2.489,2.699,2.749,2.329,2.239,2.369,2.839,2.019,2.679,2.759,1.939,2017
Competitor-909,2.749,1.949,2.419,3.229,2.669,3.309,3.489,3.369,1.819,1.789,1.389,2.559,2017
Competitor-910,1.559,2.809,2.949,3.489,3.149,3.499,3.199,3.249,2.829,2.609,2.179,1.819,2017
Competitor-911,2.059,2.339,3.359,2.969,2.539,3.259,3.109,2.229,1.859,1.419,1.589,1.499,2017
Competitor-912,1.919,2.709,2.559,3.399,2.439,3.109,2.859,3.269,2.239,2.629,1.389,1.669,2017
Competitor-913,1.519,2.689,2.779,2.789,2.889,2.849,3.209,2.819,1.959,2.149,1.639,2.349,2017
Competitor-914,1.439,1.559,2.489,2.939,3.359,2.799,3.259,2.389,1.569,2.099,1.639,2.369,2017
Competitor-915,1.369,2.139,3.189,2.269,2.749,3.149,3.349,2.909,2.769,2.279,2.209,1.569,2017
Competitor-916,2.669,2.099,2.899,2.559,3.519,3.519,2.259,3.469,2.119,1.389,2.309,2.279,2017
Competitor-917,1.679,2.289,2.349,2.829,2.709,2.229,2.799,3.379,2.709,2.089,2.039,2.489,2017
Competitor-918,1.719,1.529,2.279,3.289,3.469,3.329,2.919,3.439,1.529,1.529,2.369,1.809,2017
Competitor-919,2.179,2.439,2.249,2.559,3.329,2.489,2.609,2.429,1.999,1.699,1.839,2.429,2017
Competitor-920,2.639,2.329,2.359,2.579,3.509,2.889,2.839,2.809,1.949,2.009,1.569,2.519,2017
Competitor-921,1.829,2.449,3.199,2.339,2.499,2.449,2.959,2.639,2.019,2.219,2.079,1.599,2017
Competitor-922,2.539,1.869,3.439,3.439,3.279,2.979,2.309,3.219,2.079,2.569,2.019,1.349,2017
Competitor-923,1.589,2.039,2.419,2.619,3.259,2.369,2.289,3.139,1.989,2.099,2.679,2.449,2017
Competitor-924,2.219,2.089,2.699,2.629,3.129,2.789,3.079,2.319,1.369,2.819,2.679,1.859,2017
Competitor-925,2.759,2.339,2.979,2.579,2.699,3.239,3.249,2.649,2.319,2.629,2.099,1.419,2017
Competitor-926,2.769,1.409,2.549,3.169,2.269,3.169,2.729,2.259,2.219,2.369,2.649,1.409,2017
Competitor-927,2.469,2.049,3.449,3.199,2.719,2.619,3.489,2.909,2.719,1.809,1.889,2.809,2017
Competitor-928,2.519,2.809,2.959,2.549,2.529,2.549,3.259,2.999,2.339,1.809,2.639,2.339,2017
Competitor-929,2.399,1.379,2.409,2.989,2.489,3.319,2.609,3.449,1.379,2.529,2.169,2.009,2017
Competitor-930,1.819,1.869,3.479,3.369,3.409,2.579,3.079,2.939,2.379,2.519,1.739,2.179,2017
Competitor-931,1.609,1.369,2.669,3.469,2.729,3.369,3.179,2.279,1.319,1.369,2.759,1.889,2017
Competitor-932,1.449,2.489,3.119,3.029,2.619,2.349,3.109,3.329,1.419,2.209,1.579,1.589,2017
Competitor-933,1.629,2.199,2.569,3.199,2.949,2.879,3.089,2.939,1.989,2.079,2.369,2.069,2017
Competitor-934,2.689,1.839,3.349,2.729,2.429,3.029,2.729,3.119,2.109,2.559,1.639,2.239,2017
Competitor-935,2.429,1.559,3.269,2.469,2.339,2.569,3.129,3.479,1.589,2.299,1.909,1.739,2017
Competitor-936,1.759,2.279,3.279,2.799,3.009,2.519,2.279,2.259,2.709,1.949,2.239,2.619,2017
Competitor-937,2.509,1.629,2.849,3.409,2.579,2.949,3.009,2.259,1.909,2.149,1.619,2.569,2017
Competitor-938,2.529,2.599,2.439,2.759,2.499,2.599,2.569,2.969,2.589,1.449,1.569,2.739,2017
Competitor-939,2.259,1.589,3.179,3.199,2.499,2.969,3.079,3.029,2.379,1.969,2.679,1.329,2017
Competitor-940,1.489,2.179,3.289,2.599,2.369,2.639,2.349,3.219,2.029,2.479,2.649,1.939,2017
Competitor-941,2.129,2.759,3.289,2.429,2.239,3.439,2.719,2.749,2.529,2.039,2.799,2.169,2017
Competitor-942,2.569,1.369,2.979,3.109,3.309,2.239,2.619,2.749,2.689,2.069,1.479,1.999,2017
Competitor-943,2.229,1.889,2.639,3.359,2.449,2.899,3.439,2.709,2.309,2.419,2.429,2.659,2017
Competitor-944,2.619,2.249,2.269,2.349,3.269,3.299,3.329,3.229,2.239,2.339,2.039,1.579,2017
Competitor-945,1.739,2.199,3.229,3.159,2.919,2.949,3.369,3.049,1.549,2.369,1.849,2.069,2017
Competitor-946,2.149,2.689,2.579,2.989,2.519,3.499,2.959,2.469,1.889,1.569,1.999,2.519,2017
Competitor-947,1.449,2.529,3.259,2.449,3.049,3.499,3.089,3.169,1.499,2.789,1.679,2.339,2017
Competitor-948,2.109,2.719,2.619,3.099,3.329,3.269,2.299,3.249,2.379,2.829,2.459,1.889,2017
Competitor-949,2.129,1.869,3.079,3.459,3.199,3.219,2.419,2.329,1.879,1.919,2.189,2.639,2017
Competitor-950,1.979,1.829,3.039,3.219,3.189,2.669,3.399,3.259,1.979,1.839,2.399,1.809,2017
Competitor-951,2.419,2.589,2.799,2.709,2.909,2.689,2.879,3.339,2.019,2.349,2.579,2.619,2017
Competitor-952,1.939,2.769,3.199,3.479,2.819,3.209,2.339,3.329,2.209,1.579,1.559,2.819,2017
Competitor-953,2.099,1.729,2.519,3.359,2.439,2.989,2.999,2.519,1.589,1.619,1.899,2.789,2017
Competitor-954,2.619,1.779,2.389,2.989,3.229,2.359,3.279,2.329,2.759,1.979,1.589,2.429,2017
Competitor-955,2.429,2.379,2.379,2.989,2.609,2.299,2.959,3.379,1.909,2.819,1.389,2.279,2017
Competitor-956,2.109,1.419,2.759,2.709,2.589,3.529,2.339,2.919,1.319,2.679,2.259,1.529,2017
Competitor-957,2.279,1.739,3.259,3.089,2.539,2.319,3.389,3.029,1.739,1.399,2.389,2.589,2017
Competitor-958,2.769,2.759,2.449,3.359,2.569,2.309,3.309,2.689,2.109,2.779,1.359,2.319,2017
Competitor-959,1.459,1.839,3.259,3.489,2.909,3.419,2.979,2.329,2.619,2.269,1.839,2.609,2017
Competitor-960,2.369,1.789,2.289,2.899,2.499,3.139,2.919,3.279,1.659,2.109,1.439,1.489,2017
Competitor-961,2.429,2.419,3.259,2.649,2.659,3.529,3.049,2.589,1.369,1.529,2.339,1.849,2017
Competitor-962,1.719,1.519,3.379,2.849,3.309,2.599,2.719,2.379,2.179,2.589,2.699,1.319,2017
Competitor-963,1.689,2.579,3.449,2.469,3.219,2.559,3.169,2.239,2.309,1.499,2.049,2.629,2017
Competitor-964,1.759,1.679,2.249,2.569,2.699,2.729,3.229,3.069,2.249,2.269,1.879,2.339,2017
Competitor-965,1.519,1.349,2.509,3.349,2.679,3.089,3.169,2.269,2.579,2.459,2.119,2.419,2017
Competitor-966,1.519,2.409,2.479,2.229,3.329,2.789,2.399,3.429,2.289,2.189,2.509,1.519,2017
Competitor-967,2.679,2.659,3.029,2.969,2.369,3.169,2.799,2.919,1.359,1.809,1.409,2.699,2017
Competitor-968,2.059,2.499,2.609,2.779,2.499,2.319,3.259,3.529,1.939,1.319,1.939,2.709,2017
Competitor-969,2.419,1.729,3.009,2.799,3.339,3.509,2.939,2.719,2.289,2.829,1.599,2.429,2017
Competitor-970,2.359,2.789,2.579,2.819,2.419,2.469,2.259,2.369,1.959,2.319,2.789,2.679,2017
Competitor-971,2.769,2.589,2.389,2.659,2.329,2.779,3.409,2.719,2.329,2.349,1.969,1.649,2017
Competitor-972,2.219,2.469,3.399,2.819,2.259,2.789,2.929,3.169,2.199,1.859,1.539,1.529,2017
Competitor-973,2.449,2.389,3.399,2.889,2.969,2.389,2.799,3.379,2.609,2.209,1.889,2.539,2017
Competitor-974,1.449,1.749,2.859,3.309,2.359,3.209,2.499,3.469,1.479,2.399,2.669,1.879,2017
Competitor-975,1.979,2.399,3.169,2.319,3.319,2.689,2.269,2.279,1.309,2.809,2.619,1.879,2017
Competitor-976,2.119,1.449,2.589,2.379,3.009,2.489,3.109,2.389,2.679,1.889,2.339,2.479,2017
Competitor-977,2.719,2.639,2.849,3.159,3.529,2.479,2.519,2.649,2.259,2.419,2.429,1.389,2017
Competitor-978,1.779,2.479,3.519,3.499,2.329,2.849,2.579,3.209,2.659,1.399,2.369,1.619,2017
Competitor-979,2.179,2.529,2.409,3.489,3.039,2.449,2.449,2.569,2.199,1.639,1.499,2.279,2017
Competitor-980,2.069,1.749,3.139,2.369,2.379,3.039,2.929,2.749,2.209,1.639,1.319,2.149,2017
Competitor-981,2.119,2.469,2.759,2.429,3.359,2.549,2.849,2.909,2.449,1.499,1.629,1.429,2017
Competitor-982,1.709,2.339,2.809,2.539,2.739,3.309,2.249,2.539,1.399,2.729,1.859,1.649,2017
Competitor-983,2.439,1.769,2.709,2.329,2.749,2.259,3.439,2.699,2.279,1.819,2.279,1.989,2017
Competitor-984,2.479,1.669,2.309,2.959,3.049,2.289,2.459,2.289,1.889,2.219,1.979,2.529,2017
Competitor-985,2.109,2.179,2.389,2.709,2.709,3.049,2.939,2.869,1.939,1.859,1.399,1.439,2017
Competitor-986,1.439,1.719,2.519,2.869,3.129,2.989,3.059,2.579,2.419,1.539,1.669,2.739,2017
Competitor-987,2.109,2.609,2.659,2.529,2.589,2.749,3.499,3.269,2.539,1.969,2.059,2.249,2017
Competitor-988,1.309,2.099,2.509,3.369,2.449,3.009,3.009,3.339,1.889,1.749,1.979,2.529,2017
Competitor-989,2.759,1.319,3.379,2.899,2.829,3.089,2.989,3.269,1.879,1.339,1.359,2.639,2017
Competitor-990,1.929,2.539,2.689,3.339,2.239,2.529,2.799,2.649,2.099,1.569,1.509,1.459,2017
Competitor-991,2.469,1.949,2.689,2.339,3.149,3.489,2.829,3.469,2.299,2.099,2.489,2.029,2017
Competitor-992,1.329,1.929,2.709,3.469,2.759,3.469,2.229,3.359,1.409,2.399,1.649,1.779,2017
Competitor-993,1.339,1.879,2.349,3.309,3.489,2.799,3.409,2.799,2.519,1.759,2.259,2.679,2017
Competitor-994,2.169,2.699,2.289,3.099,2.279,3.109,2.349,3.019,2.069,1.719,1.789,1.839,2017
Competitor-995,2.569,2.729,3.229,2.299,3.429,3.109,2.869,2.739,2.179,2.419,1.969,1.699,2017
Competitor-996,2.189,2.539,3.409,3.529,2.409,3.339,2.909,2.529,1.329,1.769,2.239,1.869,2017
Competitor-997,2.579,1.309,2.739,3.509,3.019,2.389,2.699,3.349,2.499,1.959,2.639,1.749,2017
Competitor-998,2.079,1.559,3.469,2.569,2.969,2.669,2.539,2.369,2.189,2.589,1.519,1.379,2017
Competitor-999,2.479,2.629,2.759,3.519,2.319,2.349,2.789,2.449,2.559,2.359,1.699,2.109,2017
Competitor-1000,2.459,1.429,2.709,2.669,2.949,2.619,2.869,2.779,1.469,2.379,1.849,2.539,2017
