1001,Competitor-1,2.799,1.489,3.509,3.499,2.709,2.539,2.819,3.379,1.529,1.789,1.559,1.759,2018
1002,Competitor-2,1.719,1.529,3.039,3.159,2.759,2.339,3.439,3.439,2.479,1.869,1.919,2.759,2018
1003,Competitor-3,1.879,2.719,3.159,3.279,2.469,2.329,3.199,3.069,2.489,1.879,2.809,1.659,2018
1004,Competitor-4,2.459,1.599,3.399,2.399,3.009,3.289,2.249,2.979,2.449,2.769,2.709,2.599,2018
1005,Competitor-5,2.059,1.649,2.849,3.029,2.919,2.229,3.069,2.899,1.519,1.459,2.329,1.919,2018
1006,Competitor-6,2.709,2.119,2.589,2.449,2.299,3.249,3.409,2.409,2.159,1.879,2.529,1.899,2018
1007,Competitor-7,2.519,2.639,2.339,2.809,2.849,3.309,3.199,2.539,1.969,1.969,1.319,1.339,2018
1008,Competitor-8,2.519,1.989,3.499,3.199,3.019,2.969,3.479,2.899,2.249,1.339,1.459,1.519,2018
1009,Competitor-9,1.779,1.509,2.739,2.459,2.739,3.039,2.259,2.439,1.849,1.809,2.279,2.469,2018
1010,Competitor-10,2.329,2.749,3.239,2.989,3.439,3.099,2.649,2.389,2.739,2.269,1.839,2.129,2018
1011,Competitor-11,1.859,1.779,3.039,3.379,2.299,3.269,2.389,2.469,1.489,1.939,1.639,2.609,2018
1012,Competitor-12,1.969,2.609,2.469,2.669,3.319,3.029,2.589,2.859,2.319,1.529,1.499,2.819,2018
1013,Competitor-13,1.589,1.649,2.609,3.179,3.109,2.379,2.339,2.499,1.769,2.539,2.089,2.239,2018
1014,Competitor-14,2.819,1.989,2.659,2.249,2.549,2.819,2.279,2.829,2.419,2.429,2.329,1.819,2018
1015,Competitor-15,2.139,1.569,3.379,2.829,3.359,2.249,3.169,2.429,1.369,1.579,2.359,2.559,2018
1016,Competitor-16,1.909,2.019,2.449,2.279,3.079,3.139,2.729,3.329,2.269,2.229,2.319,2.029,2018
1017,Competitor-17,1.739,2.519,2.419,3.249,2.549,3.449,3.079,2.249,2.759,2.379,1.969,1.549,2018
1018,Competitor-18,2.219,2.379,3.139,2.999,3.319,2.689,2.859,2.819,1.629,2.669,2.809,1.389,2018
1019,Competitor-19,2.359,2.229,3.099,2.459,3.359,2.459,2.569,3.229,1.379,2.069,2.059,2.319,2018
1020,Competitor-20,2.589,1.589,3.219,2.279,3.109,2.999,2.929,2.679,2.359,2.569,2.469,1.979,2018
1021,Competitor-21,2.219,1.739,3.259,2.749,3.129,3.259,3.309,3.449,2.049,1.749,1.449,2.769,2018
1022,Competitor-22,2.619,2.429,2.639,2.629,2.299,2.609,3.399,3.379,1.509,2.199,2.069,1.369,2018
1023,Competitor-23,2.449,2.339,3.489,2.819,2.519,3.269,2.759,2.719,2.439,2.379,1.809,1.799,2018
1024,Competitor-24,1.799,2.409,2.609,2.969,2.649,2.649,2.689,2.509,1.569,1.829,1.399,1.649,2018
1025,Competitor-25,2.549,2.089,2.259,3.119,3.109,2.599,2.289,2.639,2.189,1.839,2.029,1.829,2018
1026,Competitor-26,1.439,1.889,3.329,2.669,2.409,2.999,2.679,3.249,1.969,2.619,2.399,2.259,2018
1027,Competitor-27,2.169,1.989,2.589,3.159,2.449,2.819,3.169,3.449,1.839,2.829,2.299,1.399,2018
1028,Competitor-28,2.169,1.619,2.689,2.349,2.479,3.379,2.739,2.299,2.639,2.169,2.819,2.069,2018
1029,Competitor-29,2.319,1.449,2.599,2.809,2.369,2.749,2.719,3.429,1.879,1.579,2.299,2.039,2018
1030,Competitor-30,2.209,2.219,2.249,2.259,2.829,2.629,2.869,3.179,2.809,2.689,2.039,2.589,2018
1031,Competitor-31,1.419,2.119,2.269,3.259,3.169,2.879,2.469,2.679,2.689,2.079,1.359,1.329,2018
1032,Competitor-32,1.489,2.139,2.459,2.939,2.329,2.229,2.509,2.739,1.719,2.039,2.769,2.029,2018
1033,Competitor-33,1.549,2.619,2.429,3.209,3.369,2.729,2.299,3.239,1.779,2.059,1.719,2.779,2018
1034,Competitor-34,2.819,2.369,2.359,3.169,3.319,2.269,2.879,2.449,2.259,1.389,2.479,1.379,2018
1035,Competitor-35,2.769,2.759,3.419,2.289,2.949,3.419,3.449,3.349,1.829,2.069,1.479,2.609,2018
1036,Competitor-36,2.689,1.859,2.419,2.829,2.299,2.369,3.179,3.109,2.209,2.629,1.329,2.569,2018
1037,Competitor-37,2.569,2.299,2.589,2.989,2.609,3.509,2.309,2.709,2.549,2.679,2.689,1.899,2018
1038,Competitor-38,1.499,2.499,2.579,3.529,3.359,3.459,2.599,2.929,1.339,2.149,2.469,1.799,2018
1039,Competitor-39,2.269,1.529,2.419,2.549,3.029,3.259,2.539,2.969,2.299,2.359,2.289,1.489,2018
1040,Competitor-40,2.569,2.579,3.219,3.399,2.399,3.259,3.429,2.499,1.379,1.509,1.469,1.949,2018
1041,Competitor-41,1.529,1.329,3.499,2.539,2.379,2.899,2.509,3.219,2.139,2.709,1.419,2.759,2018
1042,Competitor-42,2.249,1.829,3.139,2.709,2.639,3.339,2.279,2.339,2.749,1.879,2.219,1.949,2018
1043,Competitor-43,1.499,1.689,2.339,2.379,2.669,2.479,2.639,2.299,2.529,2.059,1.349,2.239,2018
1044,Competitor-44,2.569,2.249,3.329,2.429,2.629,2.479,2.459,2.239,1.339,2.349,1.739,2.699,2018
1045,Competitor-45,2.209,1.949,2.359,2.329,3.229,3.119,2.529,2.629,1.339,2.739,2.309,2.279,2018
1046,Competitor-46,1.979,2.649,2.689,3.139,2.809,2.859,2.639,2.989,2.279,1.469,1.829,1.969,2018
1047,Competitor-47,1.449,1.529,3.139,2.249,3.519,3.289,2.989,2.929,1.569,2.219,2.219,2.759,2018
1048,Competitor-48,1.869,1.879,3.139,2.319,2.909,2.579,2.549,2.699,1.799,1.349,1.319,2.639,2018
1049,Competitor-49,1.969,1.669,2.259,3.339,3.489,2.549,2.329,2.279,2.509,2.719,2.779,1.489,2018
1050,Competitor-50,2.289,1.779,2.419,3.469,2.349,3.089,2.579,2.459,1.539,2.059,1.409,2.449,2018
1051,Competitor-51,1.489,1.319,3.079,3.049,3.139,2.549,3.349,3.019,2.579,1.959,2.029,1.339,2018
1052,Competitor-52,1.529,2.299,2.829,2.909,2.499,2.879,3.049,2.689,2.759,1.609,1.319,2.229,2018
1053,Competitor-53,1.389,2.739,3.449,2.669,2.309,2.299,3.499,2.879,1.819,2.629,1.629,1.929,2018
1054,Competitor-54,1.529,1.559,2.919,2.279,2.749,2.299,3.439,2.929,2.069,2.229,1.439,1.839,2018
1055,Competitor-55,1.849,1.759,2.329,2.469,3.089,2.449,3.089,2.679,2.399,2.039,1.659,1.959,2018
1056,Competitor-56,1.739,1.929,2.239,2.989,2.909,3.159,3.269,3.159,2.649,2.069,1.749,1.829,2018
1057,Competitor-57,2.649,2.179,3.079,2.289,2.429,2.589,2.279,3.439,2.799,1.609,2.499,1.469,2018
1058,Competitor-58,2.639,2.639,2.439,2.569,2.839,3.249,3.169,2.859,1.939,1.509,2.509,2.209,2018
1059,Competitor-59,2.609,2.089,3.329,2.729,3.409,2.529,2.489,3.479,2.219,1.699,1.899,1.309,2018
1060,Competitor-60,1.849,1.959,2.289,2.549,3.129,2.489,3.149,3.339,2.399,2.389,1.999,2.079,2018
1061,Competitor-61,2.819,1.579,2.309,2.829,2.269,3.409,2.929,3.139,2.059,2.369,2.329,2.819,2018
1062,Competitor-62,1.309,2.199,2.779,2.399,3.089,2.809,2.419,2.719,2.419,2.269,1.899,2.069,2018
1063,Competitor-63,2.569,1.569,2.299,3.089,3.279,2.269,3.219,2.879,2.619,2.469,1.819,1.369,2018
1064,Competitor-64,2.429,1.989,3.159,2.669,3.209,2.679,2.579,2.359,2.319,2.419,1.349,2.239,2018
1065,Competitor-65,2.579,1.409,3.229,2.719,3.019,2.749,3.449,2.339,2.729,2.629,2.169,1.809,2018
1066,Competitor-66,1.759,2.159,2.899,2.689,3.379,3.289,2.719,2.629,2.719,2.729,2.739,2.659,2018
1067,Competitor-67,1.999,1.669,2.539,2.869,2.529,2.849,2.359,3.099,1.989,2.749,1.569,1.989,2018
1068,Competitor-68,2.809,2.369,2.459,3.189,2.929,2.719,2.799,2.249,2.179,1.379,1.759,2.259,2018
1069,Competitor-69,2.799,2.209,3.209,2.409,2.359,2.559,2.629,3.509,2.159,2.299,1.899,1.759,2018
1070,Competitor-70,2.729,1.659,3.509,2.579,3.049,2.929,3.529,2.519,1.479,2.339,2.799,1.799,2018
1071,Competitor-71,1.669,1.499,3.329,2.389,3.199,2.469,2.739,2.779,2.709,2.599,1.899,1.789,2018
1072,Competitor-72,2.529,2.369,3.019,3.049,3.439,2.719,3.179,3.509,1.899,2.229,1.579,1.699,2018
1073,Competitor-73,1.429,2.299,3.009,2.399,2.249,2.339,3.319,2.279,2.409,2.269,2.579,1.529,2018
1074,Competitor-74,1.579,2.519,3.339,3.079,2.499,2.419,2.659,3.029,2.289,2.169,2.179,2.599,2018
1075,Competitor-75,1.789,2.169,3.219,2.319,2.929,2.529,3.289,3.079,1.409,2.359,1.579,2.529,2018
1076,Competitor-76,2.099,2.059,2.599,2.229,2.259,3.139,3.389,2.469,1.529,1.409,2.189,1.509,2018
1077,Competitor-77,1.629,2.689,2.699,2.249,2.239,2.729,3.489,3.419,1.459,1.499,2.109,2.709,2018
1078,Competitor-78,1.999,1.899,3.259,3.429,3.079,3.519,3.379,2.779,2.219,1.859,1.829,2.209,2018
1079,Competitor-79,2.779,2.219,2.459,2.419,2.879,2.679,2.499,2.829,2.179,2.029,2.819,1.469,2018
1080,Competitor-80,1.519,1.819,2.879,3.379,3.339,2.389,2.389,2.439,2.769,2.389,1.979,2.079,2018
1081,Competitor-81,1.839,1.339,2.279,3.369,3.029,2.319,2.229,2.619,1.579,2.069,1.969,1.779,2018
1082,Competitor-82,2.549,1.839,3.279,2.289,3.429,2.639,3.189,2.749,2.649,1.589,1.829,2.379,2018
1083,Competitor-83,1.789,1.499,2.829,2.679,2.239,3.209,3.189,2.659,2.739,2.029,2.249,2.179,2018
1084,Competitor-84,2.109,2.229,3.449,2.569,2.569,2.889,2.889,3.189,1.959,1.479,2.609,1.969,2018
1085,Competitor-85,2.159,1.339,2.959,2.539,3.349,2.849,3.069,2.859,2.679,2.629,1.839,1.329,2018
1086,Competitor-86,2.209,1.349,2.539,2.419,2.399,3.159,3.499,2.349,1.369,2.149,2.599,2.789,2018
1087,Competitor-87,1.789,1.529,2.519,3.469,2.249,2.249,3.199,2.969,1.399,2.139,2.159,2.389,2018
1088,Competitor-88,2.619,1.819,2.819,3.179,2.419,3.449,3.149,3.009,1.789,2.649,2.789,2.189,2018
1089,Competitor-89,2.549,2.309,3.359,2.809,2.429,2.999,2.809,2.539,2.489,1.809,2.069,2.619,2018
1090,Competitor-90,2.419,2.189,3.319,2.869,3.439,2.669,2.719,2.329,1.779,1.879,2.409,2.689,2018
1091,Competitor-91,2.169,1.919,3.399,2.309,2.689,2.649,3.479,3.409,2.439,1.869,1.719,2.599,2018
1092,Competitor-92,2.429,2.599,3.169,2.979,2.409,3.419,3.099,2.239,2.179,2.429,2.529,1.989,2018
1093,Competitor-93,1.999,2.589,2.309,3.519,2.489,2.689,3.319,3.329,2.329,1.739,2.819,2.419,2018
1094,Competitor-94,1.909,1.329,3.469,2.269,2.969,2.739,2.529,2.459,2.049,1.369,2.129,2.469,2018
1095,Competitor-95,2.089,2.259,2.449,3.349,2.549,2.669,3.109,2.289,2.239,1.539,1.319,1.369,2018
1096,Competitor-96,2.149,1.689,2.879,2.839,2.619,2.379,3.069,3.229,1.669,1.679,1.649,2.169,2018
1097,Competitor-97,2.539,2.029,3.369,3.029,3.059,2.289,3.479,2.869,2.689,2.699,1.539,1.959,2018
1098,Competitor-98,2.579,2.399,2.529,3.349,2.509,3.409,2.279,3.279,1.559,2.699,1.759,2.319,2018
1099,Competitor-99,2.589,2.219,2.339,3.489,3.469,3.009,3.259,2.919,2.289,2.179,1.509,1.509,2018
1100,Competitor-100,2.659,2.379,2.589,2.669,2.899,3.139,3.169,3.149,2.519,2.569,1.719,2.139,2018
1101,Competitor-101,1.559,2.259,2.309,2.309,3.459,3.019,2.359,2.239,1.649,2.619,1.559,2.239,2018
1102,Competitor-102,1.909,1.749,2.649,3.379,2.349,2.929,2.379,2.919,2.289,1.359,1.439,2.619,2018
1103,Competitor-103,1.819,1.739,2.479,2.959,2.849,3.439,2.439,3.429,1.749,1.559,2.739,1.449,2018
1104,Competitor-104,1.469,1.999,3.239,2.909,2.639,3.229,3.429,2.509,1.739,2.049,1.689,2.259,2018
1105,Competitor-105,1.389,2.739,3.059,3.359,2.539,2.349,2.839,3.039,2.569,1.849,2.309,1.329,2018
1106,Competitor-106,2.619,2.629,3.369,3.259,2.539,2.959,3.249,2.769,2.329,2.529,2.639,1.449,2018
1107,Competitor-107,2.069,2.649,2.839,2.749,3.019,2.889,2.449,2.319,2.289,1.819,1.619,2.739,2018
1108,Competitor-108,1.839,2.509,2.849,2.649,2.319,3.139,2.749,2.309,1.399,2.589,2.429,1.589,2018
1109,Competitor-109,1.719,2.699,3.479,2.959,3.259,3.269,3.479,2.869,2.419,1.849,2.209,1.549,2018
1110,Competitor-110,1.939,2.169,3.149,2.369,2.649,2.379,2.849,2.619,1.869,1.749,1.489,1.709,2018
1111,Competitor-111,1.699,2.679,2.859,2.979,2.729,2.299,2.549,2.819,2.539,1.469,1.809,2.279,2018
1112,Competitor-112,1.739,2.239,2.619,2.929,2.789,3.509,2.719,3.329,2.819,2.389,1.919,2.319,2018
1113,Competitor-113,2.259,1.839,2.959,2.239,3.219,3.119,2.899,3.169,2.649,2.029,1.949,1.749,2018
1114,Competitor-114,2.239,1.979,3.419,2.749,3.009,2.389,2.539,3.049,1.659,1.339,2.629,2.469,2018
1115,Competitor-115,2.639,1.789,3.049,2.739,2.809,3.069,2.739,3.129,2.429,2.749,2.689,2.349,2018
1116,Competitor-116,1.939,2.649,3.529,2.759,2.449,3.479,2.489,2.739,2.229,1.879,2.649,2.529,2018
1117,Competitor-117,1.669,2.379,2.679,3.119,3.369,3.109,2.419,2.509,1.969,1.559,2.369,1.859,2018
1118,Competitor-118,2.159,2.139,2.409,2.979,2.439,2.439,2.379,2.749,2.059,2.689,1.659,1.879,2018
1119,Competitor-119,1.769,1.779,3.369,2.999,2.779,3.029,2.269,2.999,2.399,1.659,1.439,1.999,2018
1120,Competitor-120,2.629,1.839,3.369,3.099,2.249,3.199,2.879,2.309,1.419,2.799,1.489,2.519,2018
1121,Competitor-121,2.339,1.549,2.759,2.559,2.919,2.809,2.629,2.619,2.409,1.459,2.279,2.629,2018
1122,Competitor-122,2.799,2.219,2.909,3.289,3.139,3.429,2.589,2.619,1.349,2.379,1.569,2.209,2018
1123,Competitor-123,2.189,2.049,3.189,2.659,2.319,2.619,3.029,2.259,2.719,2.329,2.099,1.359,2018
1124,Competitor-124,1.349,1.839,2.599,2.749,2.259,2.359,2.899,3.309,2.429,2.719,2.289,2.589,2018
1125,Competitor-125,1.699,1.589,2.859,3.369,3.389,3.099,2.439,2.519,2.069,2.749,2.429,1.509,2018
1126,Competitor-126,2.119,2.589,2.879,3.159,3.519,2.299,2.359,3.259,1.589,2.619,2.409,1.439,2018
1127,Competitor-127,2.039,1.629,2.489,2.789,2.429,2.379,3.369,2.359,1.909,2.379,2.599,2.089,2018
1128,Competitor-128,1.969,2.579,2.759,2.929,2.939,2.709,3.279,3.429,1.839,2.049,1.929,2.029,2018
1129,Competitor-129,1.389,1.329,2.849,2.999,2.959,2.859,2.469,2.319,2.529,1.609,2.059,2.419,2018
1130,Competitor-130,2.199,1.929,2.419,2.449,3.499,2.959,2.699,3.309,1.519,1.429,2.019,2.229,2018
1131,Competitor-131,1.999,2.219,2.739,2.459,2.889,2.679,3.379,2.919,1.619,2.679,1.819,1.589,2018
1132,Competitor-132,2.819,1.729,3.119,3.099,3.419,3.469,2.759,3.329,2.069,2.099,2.009,2.149,2018
1133,Competitor-133,1.519,2.049,2.839,2.799,2.589,2.779,3.209,2.359,2.489,2.509,2.429,2.799,2018
1134,Competitor-134,2.239,2.529,2.759,3.519,2.529,2.909,3.349,2.959,2.119,1.829,1.659,1.389,2018
1135,Competitor-135,1.629,1.529,3.229,3.179,2.499,3.079,2.659,3.049,2.049,1.589,2.669,1.359,2018
1136,Competitor-136,1.409,2.439,2.949,2.739,3.429,2.779,2.449,3.099,1.999,2.139,2.059,2.399,2018
1137,Competitor-137,1.729,1.799,2.889,2.649,2.809,2.819,3.259,3.369,2.009,1.589,1.539,2.329,2018
1138,Competitor-138,2.179,1.679,3.149,3.089,2.819,2.669,2.469,3.439,1.779,1.889,2.629,2.399,2018
1139,Competitor-139,1.499,2.079,3.179,2.809,3.509,2.389,2.899,2.359,1.949,1.779,2.299,2.769,2018
1140,Competitor-140,2.789,2.439,3.159,3.389,2.719,3.029,3.339,3.399,1.469,1.879,2.769,2.149,2018
1141,Competitor-141,2.459,2.369,2.669,2.279,2.549,2.289,3.479,2.239,2.349,2.589,2.469,2.549,2018
1142,Competitor-142,1.789,2.449,2.819,2.699,2.699,2.439,3.449,2.979,2.279,2.529,2.519,1.569,2018
1143,Competitor-143,2.309,1.579,3.329,2.849,2.459,2.669,3.169,3.329,1.509,2.239,1.369,2.089,2018
1144,Competitor-144,2.329,1.659,2.869,2.899,2.459,2.339,2.669,2.809,1.889,1.709,2.389,1.799,2018
1145,Competitor-145,1.609,2.449,2.949,2.399,2.509,2.459,3.339,2.969,2.759,2.809,2.779,2.479,2018
1146,Competitor-146,2.749,2.739,2.509,2.839,2.379,3.439,2.919,3.449,1.709,2.739,2.689,1.709,2018
1147,Competitor-147,2.779,2.489,2.309,2.359,3.399,2.669,2.409,2.739,1.399,1.699,2.509,1.899,2018
1148,Competitor-148,1.589,1.869,2.679,2.739,2.979,3.349,3.479,3.119,2.119,2.569,2.479,1.409,2018
1149,Competitor-149,2.339,2.819,2.569,3.189,3.409,3.219,2.779,3.379,1.679,1.669,1.509,2.729,2018
1150,Competitor-150,1.409,1.449,3.309,2.269,2.539,3.029,2.569,3.359,2.609,1.639,1.319,2.239,2018
1151,Competitor-151,1.799,1.419,2.649,3.009,3.079,2.559,2.519,2.859,2.789,1.669,1.899,2.049,2018
1152,Competitor-152,1.539,1.999,2.659,2.779,3.319,3.049,2.419,2.729,2.309,2.279,2.049,1.489,2018
1153,Competitor-153,1.599,2.739,2.309,2.759,2.359,2.459,2.279,3.219,2.089,2.589,2.059,1.379,2018
1154,Competitor-154,2.309,2.149,2.259,2.779,3.519,2.799,2.929,3.389,1.429,2.159,2.179,2.449,2018
1155,Competitor-155,2.449,2.499,3.379,3.269,3.289,2.509,3.259,2.469,1.869,1.639,1.479,2.029,2018
1156,Competitor-156,2.429,2.269,3.289,3.099,2.759,3.489,3.119,3.209,1.599,2.139,2.479,1.709,2018
1157,Competitor-157,2.699,2.139,3.149,2.429,3.179,3.519,2.619,2.899,2.629,2.399,2.619,2.529,2018
1158,Competitor-158,2.339,2.369,3.489,3.179,3.109,2.919,3.179,3.479,1.889,1.619,2.199,2.149,2018
1159,Competitor-159,1.429,2.479,2.409,3.519,3.239,3.469,2.589,2.979,1.609,2.179,1.329,2.149,2018
1160,Competitor-160,2.739,1.659,2.659,2.679,2.509,2.599,2.659,2.289,1.379,1.529,2.719,2.099,2018
1161,Competitor-161,1.749,2.089,3.269,3.269,2.699,2.869,3.369,3.049,1.649,1.449,2.599,1.829,2018
1162,Competitor-162,1.979,1.669,2.769,3.019,3.329,2.779,2.669,2.579,1.629,1.429,1.769,1.469,2018
1163,Competitor-163,1.539,2.049,2.879,2.609,2.649,3.359,2.569,3.139,1.789,1.419,1.579,2.139,2018
1164,Competitor-164,2.419,2.069,3.189,3.129,3.269,2.569,2.629,3.459,1.379,1.949,2.519,1.629,2018
1165,Competitor-165,1.939,1.529,2.779,2.899,3.319,2.249,2.499,3.219,2.549,1.319,2.649,2.719,2018
1166,Competitor-166,2.539,1.569,3.339,3.119,2.929,3.079,2.809,2.689,1.589,2.349,1.389,1.439,2018
1167,Competitor-167,2.549,1.839,2.569,2.459,2.909,2.679,3.409,2.269,1.469,2.249,1.839,2.459,2018
1168,Competitor-168,1.529,2.789,2.409,2.429,2.989,3.229,3.039,3.209,2.639,1.419,2.669,1.809,2018
1169,Competitor-169,2.809,2.169,2.909,2.269,2.849,2.299,3.129,2.879,2.409,2.719,1.399,1.339,2018
1170,Competitor-170,2.639,1.349,2.909,3.109,3.279,2.439,2.499,3.059,1.609,1.459,2.349,2.609,2018
1171,Competitor-171,2.709,1.929,3.429,2.779,2.379,3.229,3.419,2.799,2.539,2.069,2.779,1.559,2018
1172,Competitor-172,2.749,1.959,3.459,3.469,2.839,3.199,3.149,2.359,1.849,2.779,1.719,1.599,2018
1173,Competitor-173,2.009,2.309,2.329,2.949,3.129,2.239,3.459,3.249,1.629,2.489,1.949,2.539,2018
1174,Competitor-174,1.559,2.489,2.309,2.579,2.999,2.709,2.679,3.489,2.589,2.349,2.619,2.479,2018
1175,Competitor-175,2.109,1.539,2.329,2.699,2.439,3.519,2.769,2.329,1.359,2.099,1.389,1.939,2018
1176,Competitor-176,1.519,2.759,2.919,2.409,2.489,2.349,2.429,2.609,1.429,1.809,2.329,2.049,2018
1177,Competitor-177,2.399,1.849,3.519,2.359,3.129,2.869,2.349,2.919,1.529,2.429,2.199,2.459,2018
1178,Competitor-178,1.729,1.479,3.509,3.319,3.229,2.249,3.399,3.119,1.319,1.629,1.989,1.909,2018
1179,Competitor-179,2.689,2.619,2.729,2.239,3.019,2.909,3.479,3.429,1.379,2.169,1.609,2.669,2018
1180,Competitor-180,2.199,1.369,2.699,3.509,2.579,3.249,3.489,3.419,1.839,2.659,2.339,1.879,2018
1181,Competitor-181,1.889,1.999,2.569,2.519,2.619,3.439,3.199,2.499,1.959,1.339,1.869,1.609,2018
1182,Competitor-182,2.459,1.809,2.979,3.219,3.159,3.019,3.519,2.489,2.039,1.739,2.019,1.339,2018
1183,Competitor-183,1.639,1.639,3.449,3.439,3.359,3.449,3.259,3.379,2.289,1.359,1.799,1.939,2018
1184,Competitor-184,1.339,1.589,3.269,2.719,2.809,3.339,3.269,2.859,2.199,2.539,1.839,2.049,2018
1185,Competitor-185,1.959,1.779,3.329,2.319,2.739,2.349,2.799,2.779,1.659,1.679,1.429,2.249,2018
1186,Competitor-186,2.249,2.789,2.859,2.889,2.829,2.719,2.419,2.729,2.149,1.729,1.809,1.999,2018
1187,Competitor-187,2.189,2.279,2.819,2.399,3.429,3.299,2.389,2.339,2.309,2.409,1.779,2.699,2018
1188,Competitor-188,2.459,1.479,3.489,3.299,2.819,3.179,3.349,2.909,2.769,2.579,1.399,2.189,2018
1189,Competitor-189,2.769,1.839,2.299,2.249,2.909,2.349,2.579,3.419,2.269,1.739,2.259,2.209,2018
1190,Competitor-190,2.559,1.979,2.699,3.299,2.919,2.979,2.619,3.189,1.759,1.939,1.749,1.439,2018
1191,Competitor-191,1.359,1.989,3.489,3.239,2.869,2.749,3.379,2.619,2.349,2.609,1.669,2.119,2018
1192,Competitor-192,2.309,1.929,2.699,2.819,2.469,2.739,3.069,3.219,2.149,1.869,1.349,1.369,2018
1193,Competitor-193,2.109,2.229,2.369,3.289,3.379,2.399,3.059,2.659,2.589,1.609,1.839,1.499,2018
1194,Competitor-194,1.419,2.469,3.479,3.409,3.419,2.539,2.639,2.949,1.449,1.779,1.389,2.499,2018
1195,Competitor-195,2.789,1.809,2.409,2.409,2.929,3.219,2.939,3.029,2.009,1.399,1.819,2.589,2018
1196,Competitor-196,2.409,1.499,2.839,2.749,3.269,2.499,3.019,3.089,2.779,2.029,2.319,1.689,2018
1197,Competitor-197,2.549,2.009,3.359,3.369,3.059,2.749,3.449,3.119,1.629,1.879,1.649,1.889,2018
1198,Competitor-198,1.789,1.969,3.409,3.089,2.469,3.119,2.479,2.949,2.739,1.709,2.149,2.579,2018
1199,Competitor-199,1.579,1.849,3.389,2.749,2.699,3.329,2.559,2.839,2.439,1.389,1.739,2.739,2018
1200,Competitor-200,2.189,1.639,2.309,3.059,3.019,3.409,2.969,2.479,1.569,1.539,2.699,2.069,2018
1201,Competitor-201,2.639,1.739,3.149,2.649,2.519,3.319,2.829,3.329,2.449,1.649,1.519,2.359,2018
1202,Competitor-202,1.619,1.699,2.399,3.009,2.669,3.099,2.759,3.229,2.469,1.749,2.339,1.659,2018
1203,Competitor-203,1.969,2.279,2.939,3.199,2.349,2.309,3.509,3.509,2.079,1.919,1.999,1.369,2018
1204,Competitor-204,2.089,2.489,3.179,2.479,3.299,3.219,2.309,3.469,2.469,1.609,2.409,2.689,2018
1205,Competitor-205,2.009,1.439,2.259,3.259,2.629,2.419,2.619,2.309,1.799,2.679,1.789,1.959,2018
1206,Competitor-206,2.539,2.269,3.219,2.889,2.359,2.719,2.279,2.889,2.659,2.229,2.739,2.099,2018
1207,Competitor-207,2.659,2.199,2.369,3.029,3.239,3.529,2.839,3.269,1.669,2.789,2.029,1.409,2018
1208,Competitor-208,1.679,1.439,2.369,3.439,2.989,2.779,2.599,2.729,2.509,2.589,1.889,2.669,2018
1209,Competitor-209,1.489,2.349,3.499,2.759,2.419,2.559,3.409,2.699,2.799,1.869,2.279,1.749,2018
1210,Competitor-210,1.359,2.609,3.089,2.729,3.429,2.299,2.469,3.049,1.579,2.649,2.719,2.499,2018
1211,Competitor-211,1.669,2.249,3.489,3.509,2.259,2.329,3.499,2.719,1.419,2.329,2.159,2.479,2018
1212,Competitor-212,2.159,1.759,2.399,2.669,3.229,3.229,2.759,2.369,1.569,2.539,2.549,2.579,2018
1213,Competitor-213,1.839,1.899,3.159,2.649,3.049,2.939,2.719,3.119,2.669,2.389,1.359,2.119,2018
1214,Competitor-214,1.539,1.349,3.369,3.399,3.329,2.469,2.569,3.239,1.789,2.479,1.429,1.919,2018
1215,Competitor-215,1.819,2.069,3.469,3.519,3.259,2.419,2.989,2.649,1.399,2.039,2.379,2.569,2018
1216,Competitor-216,2.249,1.409,3.429,2.399,2.339,2.569,2.489,3.499,2.239,2.829,1.739,2.189,2018
1217,Competitor-217,2.009,2.109,2.769,2.279,3.069,3.129,3.449,3.139,2.619,1.559,2.589,2.379,2018
1218,Competitor-218,1.949,1.429,2.629,2.589,3.359,3.019,2.639,2.289,2.109,2.289,2.719,1.459,2018
1219,Competitor-219,2.419,2.519,3.219,2.509,2.439,3.379,2.379,3.429,1.469,2.489,2.559,2.559,2018
1220,Competitor-220,1.429,1.979,3.099,3.369,2.719,2.649,2.389,2.529,2.729,2.539,2.319,1.789,2018
1221,Competitor-221,1.689,2.539,3.119,2.639,3.049,2.299,3.139,3.409,1.999,2.569,2.309,2.639,2018
1222,Competitor-222,2.709,1.329,2.299,3.219,2.739,2.759,2.489,2.269,2.029,2.509,2.219,1.619,2018
1223,Competitor-223,1.339,2.039,2.769,2.259,2.529,2.689,2.899,2.719,1.939,1.479,2.639,2.739,2018
1224,Competitor-224,2.139,1.929,3.349,2.249,3.249,3.449,2.809,3.469,1.589,1.909,2.029,1.809,2018
1225,Competitor-225,2.019,1.329,3.369,2.319,2.319,3.299,2.709,3.159,2.689,2.209,2.089,1.949,2018
1226,Competitor-226,2.399,2.639,3.029,2.439,2.629,2.959,2.479,3.479,2.669,1.559,1.429,1.889,2018
1227,Competitor-227,2.639,2.599,3.399,3.139,3.189,2.619,3.019,3.089,1.899,1.379,1.939,2.199,2018
1228,Competitor-228,1.599,1.859,2.739,3.049,3.039,2.869,2.229,2.279,1.489,1.609,1.839,1.779,2018
1229,Competitor-229,2.719,1.689,2.799,2.689,2.899,3.429,2.719,2.489,2.449,1.919,2.589,1.329,2018
1230,Competitor-230,2.499,2.789,3.139,2.969,3.439,2.579,3.239,3.419,1.789,2.569,2.189,1.429,2018
1231,Competitor-231,2.599,1.509,3.049,2.459,2.759,2.929,2.239,2.619,2.579,1.729,2.369,1.669,2018
1232,Competitor-232,2.529,2.709,3.499,2.829,3.289,3.239,2.559,2.599,1.349,1.999,1.699,1.849,2018
1233,Competitor-233,1.539,1.669,2.539,2.409,3.439,3.319,3.139,2.429,1.979,1.739,1.639,2.519,2018
1234,Competitor-234,1.989,1.829,3.159,3.199,2.419,3.199,2.729,2.819,1.879,1.839,1.949,1.949,2018
1235,Competitor-235,1.989,2.289,2.279,3.089,2.999,2.619,3.339,3.389,1.839,2.419,2.229,2.229,2018
1236,Competitor-236,1.799,2.669,2.739,3.069,3.099,2.909,2.839,2.369,2.299,2.199,1.929,1.479,2018
1237,Competitor-237,1.719,1.709,3.419,2.559,3.389,2.269,3.479,3.359,2.799,1.959,2.059,1.699,2018
1238,Competitor-238,2.099,1.319,3.089,2.509,2.899,2.249,2.569,3.389,2.799,2.459,2.669,1.829,2018
1239,Competitor-239,2.559,2.439,2.999,2.379,2.799,2.369,2.369,3.519,1.339,2.299,2.329,1.489,2018
1240,Competitor-240,1.949,2.599,2.579,3.189,2.389,2.549,2.709,2.749,1.839,2.649,2.609,1.419,2018
1241,Competitor-241,2.369,1.639,2.329,2.969,3.289,2.419,2.879,3.179,2.459,2.729,1.969,1.779,2018
1242,Competitor-242,2.469,1.709,3.139,2.419,2.459,2.669,2.429,3.449,2.339,2.099,2.199,1.669,2018
1243,Competitor-243,2.339,2.279,2.319,2.869,2.319,2.789,3.469,2.989,2.169,1.689,2.599,2.679,2018
1244,Competitor-244,1.519,1.599,2.709,2.399,3.099,2.739,2.549,2.559,2.579,1.789,1.469,2.549,2018
1245,Competitor-245,1.569,2.379,3.429,2.439,2.349,2.619,2.369,2.939,2.229,2.359,2.759,1.519,2018
1246,Competitor-246,2.099,1.779,2.669,2.789,3.439,2.869,2.579,2.369,2.399,2.139,2.499,2.529,2018
1247,Competitor-247,1.839,2.699,3.459,2.359,2.949,2.629,2.939,2.369,1.449,1.419,2.209,1.519,2018
1248,Competitor-248,1.839,2.279,3.049,2.409,2.799,3.379,3.179,2.529,1.499,1.559,1.559,1.989,2018
1249,Competitor-249,2.359,2.449,2.479,2.789,2.319,2.379,2.459,2.839,1.349,2.119,1.499,2.679,2018
1250,Competitor-250,2.699,1.589,3.239,3.259,3.169,3.339,2.239,2.909,1.419,1.479,2.109,2.489,2018
1251,Competitor-251,2.299,1.879,3.199,2.779,3.359,2.849,3.239,3.519,2.759,1.459,2.169,1.819,2018
1252,Competitor-252,1.599,2.699,2.289,2.879,2.969,2.699,2.349,2.359,1.469,1.629,2.049,1.589,2018
1253,Competitor-253,2.299,1.669,2.529,2.729,3.439,3.229,2.989,2.809,1.539,1.889,1.969,2.759,2018
1254,Competitor-254,2.219,1.599,2.939,2.669,3.279,3.289,3.399,2.519,1.699,2.029,2.439,1.539,2018
1255,Competitor-255,1.589,1.369,2.709,2.569,2.519,2.959,2.719,2.879,2.489,1.719,2.479,2.199,2018
1256,Competitor-256,1.989,2.459,2.779,3.209,2.859,2.749,2.309,2.479,1.969,1.889,2.189,1.449,2018
1257,Competitor-257,1.799,2.009,3.039,2.269,3.309,3.419,2.659,3.529,2.469,2.819,1.509,2.169,2018
1258,Competitor-258,1.509,1.769,2.819,2.419,2.699,2.639,2.849,2.339,2.709,1.649,2.079,2.149,2018
1259,Competitor-259,2.669,2.469,3.239,3.239,3.289,2.689,3.369,2.989,1.949,1.699,1.999,1.919,2018
1260,Competitor-260,1.379,2.469,2.439,3.079,2.799,2.569,2.699,3.259,1.419,2.069,2.539,1.489,2018
1261,Competitor-261,1.949,1.409,2.779,2.879,3.209,2.869,3.329,3.199,2.339,1.609,2.249,2.309,2018
1262,Competitor-262,1.949,2.339,2.719,2.499,2.609,3.039,3.389,2.579,2.339,1.589,2.089,1.809,2018
1263,Competitor-263,1.479,2.589,2.739,2.319,3.399,3.089,3.009,2.309,2.259,2.289,1.659,1.519,2018
1264,Competitor-264,2.759,1.869,3.169,2.329,2.329,2.779,2.819,2.459,1.829,2.089,1.779,2.579,2018
1265,Competitor-265,2.279,1.839,3.309,2.539,3.339,3.259,2.259,2.779,1.619,2.719,2.019,2.059,2018
1266,Competitor-266,1.939,2.709,2.739,2.549,3.339,3.169,2.409,2.679,2.599,2.469,2.369,2.259,2018
1267,Competitor-267,2.449,2.579,2.989,3.019,3.329,2.809,2.939,3.209,1.429,1.489,2.209,1.449,2018
1268,Competitor-268,2.299,1.519,2.299,2.799,2.349,2.299,3.099,2.869,1.779,1.859,2.499,1.469,2018
1269,Competitor-269,2.009,2.319,2.649,2.349,3.049,2.429,2.999,2.439,1.509,2.759,2.399,2.169,2018
1270,Competitor-270,2.469,1.409,2.559,2.729,2.899,2.239,3.509,2.909,2.159,2.699,1.399,2.149,2018
1271,Competitor-271,1.319,2.499,3.249,2.769,3.449,3.359,2.569,3.139,1.719,2.729,1.599,1.509,2018
1272,Competitor-272,1.929,2.059,2.419,2.769,3.099,3.499,2.779,2.689,2.339,2.439,2.129,2.209,2018
1273,Competitor-273,2.029,1.579,3.279,3.249,2.629,2.659,2.929,2.589,2.159,1.859,2.259,2.169,2018
1274,Competitor-274,2.609,1.979,3.479,2.259,3.449,3.039,2.979,2.749,1.849,2.419,2.439,1.779,2018
1275,Competitor-275,2.189,2.529,2.419,3.369,3.389,3.209,2.729,3.039,2.819,1.659,1.789,2.369,2018
1276,Competitor-276,2.629,2.589,2.709,2.969,3.139,2.339,2.269,3.119,1.649,1.829,2.389,1.659,2018
1277,Competitor-277,2.379,1.979,3.039,2.389,2.859,3.159,2.569,3.469,2.099,1.729,2.579,2.149,2018
1278,Competitor-278,1.319,2.059,3.499,3.069,2.969,3.319,2.549,3.129,1.319,2.389,2.019,1.899,2018
1279,Competitor-279,1.809,2.029,2.399,2.259,2.729,3.279,2.279,2.579,2.629,1.359,2.809,2.549,2018
1280,Competitor-280,2.529,1.649,2.549,2.279,2.909,2.719,3.339,3.349,2.649,2.299,2.349,2.749,2018
1281,Competitor-281,2.399,2.289,3.299,3.149,3.099,2.379,2.629,2.519,1.649,2.599,1.689,2.719,2018
1282,Competitor-282,2.039,2.359,2.459,3.219,3.379,2.989,3.239,3.499,2.139,1.829,1.939,2.399,2018
1283,Competitor-283,1.359,1.359,3.249,2.619,2.939,3.129,3.239,3.069,2.749,1.759,2.709,1.539,2018
1284,Competitor-284,1.639,1.659,2.359,3.309,2.979,3.369,2.679,2.459,1.849,2.399,1.319,1.859,2018
1285,Competitor-285,1.559,1.939,2.259,2.589,3.229,2.799,2.299,3.279,1.569,2.619,1.919,1.569,2018
1286,Competitor-286,2.209,2.379,2.889,2.239,2.319,3.089,3.159,3.189,2.739,1.829,2.539,2.589,2018
1287,Competitor-287,1.499,1.769,2.919,2.629,3.009,2.989,2.359,2.899,2.449,1.369,2.239,1.389,2018
1288,Competitor-288,1.779,2.609,2.999,2.729,2.419,2.329,3.159,2.889,1.959,2.609,1.859,1.869,2018
1289,Competitor-289,2.419,1.579,3.339,3.389,3.049,2.739,2.939,3.409,2.819,2.409,2.299,2.279,2018
1290,Competitor-290,1.909,2.509,2.689,2.989,2.249,2.559,2.729,3.049,2.489,2.759,1.719,2.549,2018
1291,Competitor-291,2.069,2.279,2.579,2.469,3.239,2.699,3.059,3.099,2.409,1.719,2.709,1.319,2018
1292,Competitor-292,2.009,1.349,2.749,3.329,3.269,3.229,3.019,2.469,2.149,2.739,2.439,2.329,2018
1293,Competitor-293,2.369,1.639,3.039,3.469,2.859,2.299,3.179,2.499,1.769,2.659,2.429,2.409,2018
1294,Competitor-294,1.629,1.949,3.149,3.199,2.609,2.459,2.709,2.959,2.219,1.579,1.469,1.569,2018
1295,Competitor-295,2.319,2.299,3.019,2.379,3.429,2.729,3.489,2.759,2.249,1.979,2.669,2.409,2018
1296,Competitor-296,2.109,1.849,2.449,3.389,2.479,2.669,2.499,2.629,2.259,1.699,1.599,2.779,2018
1297,Competitor-297,2.829,1.799,3.369,2.709,3.099,2.279,2.899,2.609,1.509,1.989,1.889,2.529,2018
1298,Competitor-298,2.229,2.159,2.879,3.299,2.849,2.719,3.389,2.449,2.799,1.369,2.669,1.609,2018
1299,Competitor-299,2.509,2.669,2.579,2.329,2.899,3.449,3.229,3.149,1.789,2.629,2.079,1.709,2018
1300,Competitor-300,1.609,2.259,2.519,2.309,3.039,3.199,2.759,2.419,2.189,1.959,1.439,1.399,2018
1301,Competitor-301,1.869,2.339,2.479,2.619,2.609,3.329,2.689,2.649,1.689,2.349,2.609,1.409,2018
1302,Competitor-302,2.819,2.489,2.299,3.299,2.469,2.689,2.919,2.279,1.939,1.939,1.689,1.929,2018
1303,Competitor-303,2.779,2.609,2.529,2.649,3.159,3.189,3.459,2.639,2.589,2.619,1.589,2.709,2018
1304,Competitor-304,1.539,1.989,2.729,3.269,2.399,2.809,3.309,2.989,2.159,1.429,2.599,1.429,2018
1305,Competitor-305,2.499,1.779,3.509,3.049,2.909,2.409,2.559,2.279,2.469,2.599,2.359,2.629,2018
1306,Competitor-306,2.379,1.399,2.629,2.779,3.469,2.569,3.179,2.829,2.409,2.689,2.689,2.829,2018
1307,Competitor-307,2.059,1.869,2.909,3.069,3.129,2.409,3.519,3.149,2.619,2.139,1.539,2.509,2018
1308,Competitor-308,1.579,2.799,2.789,2.409,2.529,2.259,2.279,2.569,1.549,2.529,2.809,2.529,2018
1309,Competitor-309,2.799,2.649,2.369,3.429,3.009,2.579,2.769,2.979,1.849,1.919,1.649,1.479,2018
1310,Competitor-310,1.509,2.469,3.179,3.269,2.459,3.289,2.949,2.969,2.499,1.949,2.379,1.679,2018
1311,Competitor-311,1.589,2.509,2.249,2.979,2.769,2.609,3.519,3.049,1.629,2.219,1.369,2.099,2018
1312,Competitor-312,1.529,2.069,2.839,2.609,2.819,2.939,2.999,3.379,1.609,1.659,2.409,1.719,2018
1313,Competitor-313,1.899,2.649,2.969,2.999,3.059,2.939,3.409,3.219,1.759,1.829,1.439,2.419,2018
1314,Competitor-314,2.109,1.539,2.799,3.119,3.199,2.379,3.289,2.659,2.339,2.279,1.529,2.599,2018
1315,Competitor-315,1.859,1.839,3.239,3.079,2.659,2.489,2.289,2.439,2.149,1.789,2.289,2.289,2018
1316,Competitor-316,2.309,2.419,2.429,3.099,2.959,3.039,2.859,3.179,1.309,1.319,1.769,2.169,2018
1317,Competitor-317,2.069,2.699,2.969,3.349,2.909,3.069,2.999,2.359,1.999,1.469,1.679,2.029,2018
1318,Competitor-318,2.149,2.169,2.649,3.299,2.669,3.069,2.999,3.419,1.339,1.599,2.299,2.429,2018
1319,Competitor-319,1.459,1.399,3.469,2.919,2.289,2.269,2.299,3.359,1.449,1.329,1.839,1.839,2018
1320,Competitor-320,2.039,2.139,3.289,2.749,3.319,2.259,2.929,2.899,2.569,1.769,1.929,1.999,2018
1321,Competitor-321,2.159,2.289,2.319,2.519,2.359,2.709,2.459,3.029,1.369,1.449,2.039,2.159,2018
1322,Competitor-322,2.369,2.569,2.429,2.489,2.739,2.839,2.619,2.599,2.419,2.029,1.469,1.699,2018
1323,Competitor-323,1.929,2.789,3.249,2.929,2.959,2.269,2.569,3.129,2.379,2.229,2.159,2.079,2018
1324,Competitor-324,2.429,1.699,2.419,3.469,3.299,2.449,2.279,2.479,1.349,2.659,1.599,1.939,2018
1325,Competitor-325,2.379,1.419,2.519,2.559,2.289,2.909,2.269,3.259,1.459,2.389,2.729,1.389,2018
1326,Competitor-326,2.009,2.309,2.439,2.989,3.309,3.119,2.999,3.059,2.799,1.889,2.829,1.759,2018
1327,Competitor-327,1.599,2.339,3.039,3.359,3.339,2.889,2.839,2.269,1.719,2.549,1.879,2.039,2018
1328,Competitor-328,1.849,1.359,2.409,3.489,3.509,2.569,2.309,2.449,1.529,2.449,2.649,2.139,2018
1329,Competitor-329,1.339,1.469,3.289,3.029,3.239,2.459,3.059,3.259,2.319,2.279,1.319,1.709,2018
1330,Competitor-330,2.589,1.579,2.369,3.119,3.429,3.299,2.529,3.049,1.669,2.029,2.039,1.519,2018
1331,Competitor-331,2.569,1.349,2.259,3.229,2.449,2.539,3.439,2.349,2.479,2.279,1.809,2.069,2018
1332,Competitor-332,2.089,1.859,3.419,2.809,3.159,2.329,2.969,3.429,2.149,1.879,1.549,2.819,2018
1333,Competitor-333,1.339,2.489,2.799,2.979,2.879,2.329,3.269,2.769,2.309,2.579,1.539,2.369,2018
1334,Competitor-334,2.259,2.679,3.099,2.719,2.619,2.329,2.239,2.519,2.719,2.599,1.349,2.289,2018
1335,Competitor-335,2.549,2.069,3.209,2.279,3.279,3.459,2.699,2.329,1.389,2.169,1.449,1.529,2018
1336,Competitor-336,2.209,2.759,3.339,2.859,2.529,3.349,3.359,2.719,1.909,1.629,2.579,2.569,2018
1337,Competitor-337,1.389,2.209,3.359,2.799,2.769,2.639,2.419,2.659,1.829,2.639,2.689,1.699,2018
1338,Competitor-338,2.059,1.729,2.619,2.449,2.869,2.559,2.799,2.939,1.389,1.919,2.699,2.279,2018
1339,Competitor-339,2.399,2.499,3.509,2.229,2.879,2.379,2.869,2.629,2.139,1.889,2.229,1.679,2018
1340,Competitor-340,1.519,1.829,2.319,2.309,3.219,3.239,2.609,2.339,2.539,1.569,1.399,2.669,2018
1341,Competitor-341,2.629,2.429,3.059,2.949,3.369,3.309,3.049,2.299,2.789,2.169,1.989,2.009,2018
1342,Competitor-342,1.629,1.819,2.369,2.419,3.299,2.739,2.889,2.629,2.699,1.589,1.399,1.889,2018
1343,Competitor-343,1.409,1.309,3.259,3.209,2.899,3.089,2.679,2.409,2.509,2.109,2.809,1.739,2018
1344,Competitor-344,1.909,2.769,2.969,3.219,2.279,2.549,3.039,2.529,2.669,2.179,2.219,1.639,2018
1345,Competitor-345,2.829,1.869,3.119,3.079,2.429,2.679,3.409,2.639,2.799,1.779,2.649,2.509,2018
1346,Competitor-346,1.809,2.429,2.479,2.359,3.149,2.749,2.239,2.339,2.609,2.059,1.969,1.639,2018
1347,Competitor-347,1.509,1.859,2.779,2.619,3.019,3.309,2.859,2.289,2.369,1.449,1.609,1.809,2018
1348,Competitor-348,2.529,1.649,3.399,2.579,2.849,2.309,2.509,3.099,1.969,2.719,1.829,2.239,2018
1349,Competitor-349,1.679,2.769,3.419,3.139,2.319,3.079,3.169,2.589,1.439,2.349,2.689,1.949,2018
1350,Competitor-350,1.399,2.409,3.129,2.249,2.769,3.409,3.459,3.039,2.639,2.789,1.569,1.869,2018
1351,Competitor-351,2.729,2.099,2.639,2.979,3.359,2.289,2.909,3.379,1.749,1.519,1.679,2.069,2018
1352,Competitor-352,2.419,1.429,2.569,2.569,2.519,2.409,2.259,3.499,1.929,1.669,1.389,2.719,2018
1353,Competitor-353,2.039,1.969,2.469,2.479,2.739,3.399,2.609,2.429,1.719,1.399,1.539,2.749,2018
1354,Competitor-354,2.439,2.079,2.899,2.849,3.329,2.959,2.549,2.649,1.909,1.339,1.829,1.639,2018
1355,Competitor-355,1.579,2.779,2.709,2.969,2.269,3.059,2.319,2.909,1.709,2.179,2.659,1.789,2018
1356,Competitor-356,1.349,1.979,2.459,2.739,3.129,2.679,2.429,2.509,2.239,2.669,2.649,2.639,2018
1357,Competitor-357,1.679,1.689,2.549,3.169,2.669,3.339,2.419,2.509,2.349,1.559,1.539,1.349,2018
1358,Competitor-358,2.429,2.199,3.049,2.699,3.359,3.149,3.069,2.849,2.369,1.809,1.479,2.409,2018
1359,Competitor-359,1.759,1.739,2.769,2.919,3.499,2.409,2.269,3.109,1.349,2.229,2.519,1.529,2018
1360,Competitor-360,2.019,1.359,2.659,3.049,2.449,2.769,3.079,2.509,1.339,1.489,2.569,2.229,2018
1361,Competitor-361,2.099,1.719,3.219,3.279,3.159,3.329,3.219,2.709,2.089,2.209,1.449,1.619,2018
1362,Competitor-362,2.699,2.589,3.399,2.319,3.299,2.679,3.429,3.339,2.209,2.339,1.759,2.139,2018
1363,Competitor-363,2.579,1.479,3.259,2.859,2.449,3.499,2.289,3.449,2.679,2.059,1.859,1.399,2018
1364,Competitor-364,2.559,1.849,3.019,2.279,3.169,2.739,3.229,3.019,1.339,1.789,2.119,1.389,2018
1365,Competitor-365,2.299,2.539,2.409,2.229,3.099,2.899,2.549,2.259,2.679,2.589,2.669,1.889,2018
1366,Competitor-366,2.149,2.319,2.659,2.779,2.639,2.479,3.239,2.839,2.749,1.989,2.419,1.559,2018
1367,Competitor-367,2.379,2.229,2.309,3.309,2.589,2.529,3.339,2.849,1.719,1.779,1.569,1.679,2018
1368,Competitor-368,2.159,2.229,3.119,3.139,2.449,3.479,3.409,2.699,1.929,2.169,2.049,2.359,2018
1369,Competitor-369,2.679,2.629,3.329,2.549,3.259,3.319,2.559,2.899,2.649,2.609,2.239,1.809,2018
1370,Competitor-370,2.409,2.189,2.749,3.259,2.889,2.519,2.479,2.849,1.949,2.699,2.759,2.579,2018
1371,Competitor-371,2.109,2.739,2.529,3.269,2.739,2.539,2.259,3.149,2.669,1.769,2.779,2.029,2018
1372,Competitor-372,1.959,1.349,2.859,2.289,3.439,3.179,2.699,3.059,1.459,2.429,2.699,2.289,2018
1373,Competitor-373,1.829,1.509,2.729,2.519,2.919,2.699,2.549,2.439,1.999,1.749,1.789,2.589,2018
1374,Competitor-374,2.269,1.699,3.509,3.269,3.019,2.719,3.089,3.499,1.999,1.809,1.749,2.779,2018
1375,Competitor-375,1.769,1.799,2.319,2.429,3.279,2.359,2.549,3.149,1.479,2.039,2.779,1.529,2018
1376,Competitor-376,1.909,2.359,3.489,2.479,3.269,2.459,2.299,3.379,2.159,2.319,1.619,1.469,2018
1377,Competitor-377,2.179,2.509,2.949,3.239,2.769,3.019,3.079,3.359,2.669,2.009,2.419,2.049,2018
1378,Competitor-378,1.359,1.749,2.469,2.339,2.989,2.569,2.819,3.269,1.659,2.499,1.629,1.439,2018
1379,Competitor-379,1.419,2.129,2.249,2.799,2.699,2.489,2.869,2.559,2.759,2.189,2.679,1.869,2018
1380,Competitor-380,1.689,1.909,2.729,2.439,3.119,2.689,3.289,2.319,2.599,2.449,2.349,2.419,2018
1381,Competitor-381,2.789,2.149,2.669,3.399,3.229,3.079,2.719,2.409,2.259,2.579,1.559,1.709,2018
1382,Competitor-382,1.329,1.779,3.429,2.829,3.519,3.169,2.959,3.329,2.449,2.439,2.489,1.549,2018
1383,Competitor-383,1.549,1.359,3.069,2.699,3.339,3.219,3.289,2.459,2.389,1.349,2.619,1.929,2018
1384,Competitor-384,2.589,2.489,3.039,2.309,2.699,2.679,2.899,2.659,1.479,2.759,2.129,1.659,2018
1385,Competitor-385,2.699,1.539,2.409,2.949,2.569,2.869,3.079,2.969,1.389,2.579,1.419,1.699,2018
1386,Competitor-386,1.999,1.969,2.579,3.289,2.879,2.429,2.789,3.499,2.469,1.849,1.669,1.499,2018
1387,Competitor-387,2.769,2.229,3.329,2.469,2.599,2.849,3.299,2.239,1.779,1.539,1.919,1.759,2018
1388,Competitor-388,1.439,1.529,2.699,2.659,3.069,3.199,2.619,2.489,1.899,2.009,1.749,1.799,2018
1389,Competitor-389,2.209,1.579,2.669,2.449,2.739,2.259,3.279,2.649,2.369,2.599,2.699,1.949,2018
1390,Competitor-390,1.639,1.669,3.439,2.809,3.359,2.959,3.469,2.289,2.349,1.799,1.569,1.659,2018
1391,Competitor-391,2.419,1.569,2.689,3.139,3.259,2.699,3.039,2.329,2.709,1.429,1.579,1.709,2018
1392,Competitor-392,2.509,1.809,2.239,2.619,3.089,2.339,3.489,2.709,2.559,2.799,1.449,1.929,2018
1393,Competitor-393,2.129,2.639,2.819,3.499,2.469,3.309,2.499,3.249,1.649,1.369,1.499,1.939,2018
1394,Competitor-394,1.919,2.579,3.439,2.939,2.289,3.169,3.299,3.109,1.349,1.909,2.239,2.509,2018
1395,Competitor-395,1.419,2.539,2.849,3.329,2.859,2.919,2.779,2.839,1.879,1.859,2.489,1.869,2018
1396,Competitor-396,2.589,1.409,3.289,2.569,2.629,2.649,2.629,3.359,1.969,1.559,2.319,1.829,2018
1397,Competitor-397,1.889,1.509,2.979,3.419,3.349,2.299,2.609,2.319,1.839,2.549,1.959,1.919,2018
1398,Competitor-398,2.629,1.779,2.639,2.769,3.079,2.669,2.669,3.409,1.689,2.679,1.889,2.099,2018
1399,Competitor-399,1.319,1.629,3.129,2.679,3.129,3.099,2.599,2.959,2.489,2.109,1.829,2.639,2018
1400,Competitor-400,2.329,2.089,2.549,2.489,2.449,2.549,2.479,2.719,1.559,2.349,1.339,2.049,2018
1401,Competitor-401,1.959,2.669,2.529,2.929,2.669,3.149,2.369,2.369,1.979,1.339,1.759,2.549,2018
1402,Competitor-402,2.479,2.759,3.099,3.159,3.169,2.229,2.689,3.019,2.019,2.399,2.719,1.759,2018
1403,Competitor-403,2.729,1.469,3.099,2.609,3.229,2.569,2.909,2.799,1.439,1.639,1.999,2.549,2018
1404,Competitor-404,2.139,2.589,2.569,2.439,2.729,3.179,2.929,3.369,2.099,2.349,2.229,2.549,2018
1405,Competitor-405,1.599,1.539,2.349,2.969,2.309,3.389,3.149,2.879,2.019,2.379,1.849,1.899,2018
1406,Competitor-406,2.639,2.169,2.939,2.579,2.329,2.759,3.199,3.159,2.009,2.119,2.399,2.219,2018
1407,Competitor-407,2.499,1.799,2.929,2.439,3.469,2.839,2.239,3.229,1.529,2.739,1.789,1.359,2018
1408,Competitor-408,1.469,2.269,2.609,2.559,2.709,3.469,2.779,2.639,1.629,1.769,2.799,2.509,2018
1409,Competitor-409,2.049,2.279,2.399,2.979,2.759,3.419,2.559,2.699,1.749,2.679,2.279,1.929,2018
1410,Competitor-410,1.659,1.559,3.479,2.259,2.549,2.869,2.599,2.759,1.649,2.449,2.199,1.359,2018
1411,Competitor-411,2.019,1.309,2.649,3.009,3.059,2.269,3.109,3.239,2.469,2.039,1.599,2.339,2018
1412,Competitor-412,2.809,2.709,2.279,3.009,3.159,2.249,2.339,2.409,1.549,2.129,1.599,2.499,2018
1413,Competitor-413,2.649,2.619,3.389,2.849,2.689,2.549,2.319,2.349,2.129,2.089,2.739,1.379,2018
1414,Competitor-414,1.899,1.899,3.389,2.979,3.209,2.949,2.539,2.859,1.469,2.309,1.419,2.769,2018
1415,Competitor-415,1.389,2.479,2.869,2.839,2.409,2.889,3.079,3.149,2.539,1.919,1.389,2.029,2018
1416,Competitor-416,1.339,1.849,2.689,2.429,2.439,2.429,2.579,2.969,1.549,1.409,2.189,1.319,2018
1417,Competitor-417,2.069,1.549,3.229,2.579,2.839,2.459,2.989,2.609,2.599,2.819,2.429,2.419,2018
1418,Competitor-418,1.619,2.489,3.089,3.359,2.269,2.429,3.179,2.749,2.689,1.449,2.519,1.929,2018
1419,Competitor-419,1.869,1.339,3.089,3.049,3.379,2.859,2.899,2.449,2.489,2.449,2.789,1.649,2018
1420,Competitor-420,2.739,1.869,2.399,2.979,3.129,2.819,2.479,2.529,2.529,2.619,2.319,1.419,2018
1421,Competitor-421,1.889,1.749,2.539,2.629,3.199,3.149,2.719,2.259,1.669,2.389,2.549,2.299,2018
1422,Competitor-422,2.219,2.059,2.619,2.449,2.609,3.029,2.959,2.239,2.629,2.149,2.469,2.339,2018
1423,Competitor-423,2.309,2.159,3.339,2.999,3.049,2.289,2.279,2.689,2.709,2.499,1.979,2.159,2018
1424,Competitor-424,1.909,1.329,2.499,3.139,2.799,2.569,3.019,2.519,1.789,1.629,1.729,2.639,2018
1425,Competitor-425,1.439,1.879,2.949,2.769,3.509,2.999,2.239,2.819,2.029,2.159,2.259,1.389,2018
1426,Competitor-426,1.399,1.919,2.839,2.529,2.869,2.679,2.529,3.089,1.889,2.219,2.409,2.699,2018
1427,Competitor-427,2.189,1.859,2.689,3.239,2.349,3.409,3.109,3.199,2.239,2.289,2.819,2.629,2018
1428,Competitor-428,1.909,1.949,3.049,2.939,3.129,2.699,2.579,3.059,1.659,2.639,1.909,1.899,2018
1429,Competitor-429,2.589,2.679,3.489,2.649,2.949,2.649,2.709,2.829,1.799,1.309,1.829,2.329,2018
1430,Competitor-430,2.299,1.409,2.269,2.649,2.979,2.289,3.429,2.459,1.739,1.539,2.329,2.619,2018
1431,Competitor-431,1.589,2.359,3.009,2.749,2.779,2.989,2.559,2.739,2.009,2.049,2.729,1.859,2018
1432,Competitor-432,2.259,2.659,3.239,2.799,2.929,2.399,3.269,2.659,2.299,2.609,2.739,1.719,2018
1433,Competitor-433,1.509,2.079,2.539,3.179,2.829,3.309,3.229,3.169,2.559,2.719,1.889,1.559,2018
1434,Competitor-434,1.839,2.179,3.269,2.629,2.249,2.759,3.039,3.169,2.259,2.109,2.439,1.599,2018
1435,Competitor-435,1.429,2.719,2.889,2.739,3.329,3.259,2.669,3.389,2.179,2.419,2.679,1.329,2018
1436,Competitor-436,1.479,2.619,2.459,2.859,3.149,2.349,3.229,3.319,1.339,2.409,1.419,2.189,2018
1437,Competitor-437,2.579,2.809,2.839,2.279,2.559,2.619,2.569,2.339,2.589,1.669,1.929,2.019,2018
1438,Competitor-438,2.389,1.629,3.479,3.359,3.189,3.379,3.089,2.259,2.109,2.459,2.389,2.249,2018
1439,Competitor-439,1.939,2.229,2.399,2.899,3.369,2.479,2.339,2.629,2.409,2.199,1.779,1.719,2018
1440,Competitor-440,1.729,2.469,3.259,2.749,3.089,2.769,2.459,3.069,1.699,1.689,2.739,2.109,2018
1441,Competitor-441,1.709,1.839,3.209,2.649,2.809,2.819,2.359,2.449,1.399,2.429,1.589,1.379,2018
1442,Competitor-442,1.569,1.839,3.029,2.639,2.439,2.509,2.479,2.979,2.349,2.499,1.419,2.149,2018
1443,Competitor-443,1.789,2.509,2.869,2.769,2.499,3.169,2.519,2.559,1.329,1.949,2.139,1.859,2018
1444,Competitor-444,2.689,1.839,2.699,2.419,2.489,2.949,2.879,2.449,1.779,2.679,2.509,1.999,2018
1445,Competitor-445,1.769,2.059,3.399,2.639,2.989,3.069,3.049,3.369,1.389,2.649,2.229,1.679,2018
1446,Competitor-446,2.539,2.119,2.489,2.629,2.529,2.949,2.859,2.989,1.559,2.779,1.559,1.409,2018
1447,Competitor-447,2.199,1.929,2.939,2.289,2.469,2.459,2.709,3.289,2.139,1.999,1.669,1.559,2018
1448,Competitor-448,1.449,1.349,2.649,2.479,2.719,3.149,2.749,2.789,2.129,2.509,1.789,1.939,2018
1449,Competitor-449,2.069,2.619,2.519,2.789,2.569,3.369,3.159,3.419,1.869,2.469,1.619,1.789,2018
1450,Competitor-450,1.769,2.809,2.279,2.899,2.939,3.439,2.509,3.049,1.819,1.539,2.299,1.769,2018
1451,Competitor-451,1.479,2.439,3.089,3.479,2.549,2.239,2.269,3.079,1.709,2.379,2.039,2.249,2018
1452,Competitor-452,1.919,1.789,3.269,3.189,2.819,2.369,3.279,3.399,2.319,1.709,1.969,1.369,2018
1453,Competitor-453,1.489,1.559,3.019,2.909,2.969,3.129,3.009,2.789,2.459,2.139,1.979,2.569,2018
1454,Competitor-454,1.419,1.459,3.029,2.439,3.349,3.329,2.979,3.519,1.709,2.719,2.159,2.549,2018
1455,Competitor-455,1.649,1.649,2.579,2.839,2.469,2.469,3.039,2.409,2.699,1.679,1.869,1.439,2018
1456,Competitor-456,1.859,1.619,2.559,3.309,3.379,3.059,2.789,2.829,1.419,2.289,2.429,2.079,2018
1457,Competitor-457,1.679,2.219,3.359,2.489,2.499,2.719,2.379,3.079,2.539,2.789,1.729,1.939,2018
1458,Competitor-458,1.399,2.379,3.209,2.649,3.239,3.079,3.439,2.559,1.609,2.439,2.099,1.369,2018
1459,Competitor-459,1.679,1.859,3.239,2.289,3.219,3.419,2.489,2.679,1.809,1.839,1.669,1.449,2018
1460,Competitor-460,2.229,2.669,2.979,2.449,3.329,2.509,2.809,3.439,1.509,2.319,1.539,2.619,2018
1461,Competitor-461,1.839,1.379,2.789,3.139,2.509,2.899,3.259,3.349,1.649,1.479,1.679,2.049,2018
1462,Competitor-462,1.489,1.789,2.969,3.409,2.819,2.399,2.869,2.299,2.439,1.929,2.449,1.409,2018
1463,Competitor-463,2.619,2.749,3.349,3.049,2.409,3.519,2.479,3.189,2.219,2.099,1.549,1.689,2018
1464,Competitor-464,2.399,1.939,3.039,2.429,2.509,3.079,2.829,3.109,1.749,1.419,2.779,2.359,2018
1465,Competitor-465,1.359,1.879,2.809,2.949,2.989,2.419,3.199,3.169,1.369,2.299,1.749,2.779,2018
1466,Competitor-466,2.379,1.599,2.529,3.069,2.569,2.319,2.349,3.049,1.389,2.799,2.359,1.629,2018
1467,Competitor-467,1.349,1.769,2.689,2.729,3.459,2.919,3.509,3.259,2.239,1.339,1.979,2.279,2018
1468,Competitor-468,2.029,2.309,2.699,2.589,2.539,2.989,2.499,2.639,1.349,2.519,2.609,1.319,2018
1469,Competitor-469,2.249,2.409,2.959,2.579,2.459,3.409,3.199,3.039,2.089,1.589,2.319,2.619,2018
1470,Competitor-470,1.929,2.399,2.429,3.309,2.479,2.979,2.519,3.319,1.529,2.399,2.689,2.169,2018
1471,Competitor-471,1.379,1.949,2.829,3.219,2.609,2.849,2.489,2.959,1.789,2.689,1.499,1.899,2018
1472,Competitor-472,1.389,2.639,3.109,2.259,2.509,2.699,3.499,2.919,1.429,2.339,2.399,2.789,2018
1473,Competitor-473,1.939,2.719,2.549,2.519,3.139,3.339,2.639,2.359,2.549,1.599,2.769,2.159,2018
1474,Competitor-474,1.349,2.139,2.579,2.739,2.709,2.619,2.769,3.429,2.789,1.349,1.829,2.769,2018
1475,Competitor-475,1.429,2.209,2.749,2.479,2.849,3.339,3.279,3.379,1.549,1.659,1.649,1.669,2018
1476,Competitor-476,2.009,2.059,3.299,2.699,3.009,3.339,2.659,2.569,1.889,2.759,1.319,1.759,2018
1477,Competitor-477,2.149,1.839,2.259,3.399,2.619,2.239,3.189,2.429,2.439,2.399,2.389,2.729,2018
1478,Competitor-478,1.979,1.449,3.149,3.499,2.809,3.219,2.259,2.289,2.519,2.029,1.739,1.469,2018
1479,Competitor-479,1.689,1.689,2.319,3.489,3.229,2.749,3.479,3.259,1.969,1.839,2.459,1.709,2018
1480,Competitor-480,2.449,2.129,3.329,3.419,2.709,2.909,2.789,3.079,1.799,2.629,1.359,1.339,2018
1481,Competitor-481,2.329,1.599,2.859,2.439,3.519,3.099,3.389,2.759,1.979,1.649,2.069,1.359,2018
1482,Competitor-482,2.149,2.709,2.749,3.419,3.469,2.389,2.379,3.219,1.439,2.119,1.589,2.459,2018
1483,Competitor-483,2.819,2.589,2.369,3.099,2.419,2.299,2.669,3.089,1.549,2.539,1.759,1.699,2018
1484,Competitor-484,1.449,1.739,2.529,2.289,3.129,2.549,2.709,2.969,2.629,2.339,1.649,2.209,2018
1485,Competitor-485,1.409,1.869,2.989,2.249,3.249,3.499,2.789,2.839,1.569,1.579,2.449,2.249,2018
1486,Competitor-486,2.249,1.699,3.409,2.729,2.999,3.359,3.169,2.389,2.179,2.159,1.489,1.459,2018
1487,Competitor-487,2.309,1.369,2.279,3.049,2.779,3.119,2.379,3.439,2.619,2.099,1.799,2.209,2018
1488,Competitor-488,2.219,1.389,2.239,2.359,2.919,2.929,2.779,2.329,2.759,2.599,2.589,2.029,2018
1489,Competitor-489,2.259,2.109,3.449,2.939,2.909,2.649,2.359,3.349,2.449,2.039,1.869,1.479,2018
1490,Competitor-490,2.249,2.009,3.389,2.339,3.109,2.739,3.069,2.359,2.249,1.699,2.279,1.799,2018
1491,Competitor-491,2.529,1.529,2.619,2.249,3.379,2.349,3.259,2.319,1.989,1.859,1.829,1.729,2018
1492,Competitor-492,1.919,2.249,2.939,2.549,2.619,3.359,3.469,3.139,2.399,1.639,2.779,2.069,2018
1493,Competitor-493,1.829,1.629,3.139,2.489,2.239,2.559,3.489,3.459,1.609,1.749,1.519,2.509,2018
1494,Competitor-494,2.109,1.929,3.069,2.899,3.389,3.469,2.549,3.289,1.569,2.009,2.759,2.779,2018
1495,Competitor-495,2.519,1.939,2.999,2.269,3.449,3.009,3.089,2.719,1.989,2.539,1.749,2.379,2018
1496,Competitor-496,2.509,1.839,2.839,2.679,2.389,2.889,3.479,2.859,1.829,1.739,1.679,2.119,2018
1497,Competitor-497,2.239,2.409,2.639,2.539,2.359,2.329,2.279,2.679,2.349,2.329,2.209,1.429,2018
1498,Competitor-498,2.379,2.669,3.409,2.279,2.449,2.909,3.309,2.839,2.009,2.719,1.399,2.279,2018
1499,Competitor-499,2.759,2.359,2.559,3.159,3.409,3.419,2.299,2.789,2.259,1.499,2.609,2.739,2018
1500,Competitor-500,2.489,2.499,2.629,3.069,3.519,2.799,2.509,3.139,1.809,1.849,2.029,1.309,2018
1501,Competitor-501,1.449,2.569,3.369,3.189,3.099,3.519,2.399,3.029,1.339,1.329,1.609,2.409,2018
1502,Competitor-502,1.839,2.309,2.349,3.049,2.719,2.749,2.979,3.449,1.769,2.519,1.639,2.229,2018
1503,Competitor-503,2.749,2.129,3.509,3.209,2.779,3.409,2.499,2.889,2.139,1.869,1.819,2.499,2018
1504,Competitor-504,2.629,1.309,2.759,2.229,2.239,2.279,3.299,2.449,1.329,2.409,2.279,1.859,2018
1505,Competitor-505,2.739,2.519,2.669,2.769,2.319,2.409,2.879,3.519,2.329,1.659,2.259,2.469,2018
1506,Competitor-506,1.569,1.989,2.759,2.879,3.299,3.269,3.499,2.929,2.079,2.549,1.869,1.419,2018
1507,Competitor-507,2.259,1.489,2.559,3.129,3.379,3.139,3.359,3.079,2.759,2.199,2.669,2.439,2018
1508,Competitor-508,2.249,2.169,3.039,2.669,3.109,3.119,3.099,2.389,2.499,2.279,1.599,2.169,2018
1509,Competitor-509,2.129,1.769,2.479,2.759,2.689,2.679,2.369,3.359,1.579,2.619,1.879,1.599,2018
1510,Competitor-510,2.599,1.519,3.069,3.499,2.999,2.539,2.549,3.219,2.559,1.909,1.759,2.669,2018
1511,Competitor-511,1.619,2.639,2.439,2.309,2.419,3.369,2.409,2.649,2.809,2.049,2.589,2.269,2018
1512,Competitor-512,2.629,2.579,3.009,2.489,2.739,3.519,2.469,2.239,1.719,2.299,2.529,2.589,2018
1513,Competitor-513,2.569,1.899,2.749,2.579,3.139,2.779,2.429,3.439,1.649,1.789,1.469,2.299,2018
1514,Competitor-514,2.289,1.909,2.809,2.759,2.629,3.029,2.959,3.159,1.539,2.489,2.649,2.649,2018
1515,Competitor-515,2.449,1.439,2.899,3.179,2.479,3.069,2.669,3.079,1.549,1.309,2.789,2.549,2018
1516,Competitor-516,1.309,2.749,2.799,2.899,3.169,2.869,2.419,2.339,1.999,2.269,1.519,1.729,2018
1517,Competitor-517,2.289,1.849,3.399,2.689,2.969,3.439,2.669,3.259,2.359,1.659,1.389,1.459,2018
1518,Competitor-518,2.459,1.509,2.709,2.989,3.209,3.339,2.889,2.629,2.229,1.399,1.999,2.229,2018
1519,Competitor-519,2.309,2.079,3.479,3.329,3.279,3.399,3.249,2.799,1.479,2.239,2.219,1.569,2018
1520,Competitor-520,2.269,2.579,3.149,2.299,3.229,2.809,2.699,3.499,2.269,1.909,1.619,2.459,2018
1521,Competitor-521,2.299,2.159,3.259,2.339,2.549,2.849,3.429,2.769,2.809,1.829,1.869,2.259,2018
1522,Competitor-522,1.559,2.019,3.479,2.379,2.729,2.529,3.239,2.949,2.169,1.379,2.469,2.119,2018
1523,Competitor-523,1.469,2.639,2.509,2.779,3.329,2.549,3.479,3.529,1.749,1.529,2.809,2.669,2018
1524,Competitor-524,2.709,2.599,2.579,3.119,2.499,2.939,2.879,2.359,1.789,1.509,1.409,2.089,2018
1525,Competitor-525,2.579,1.959,2.229,2.319,2.449,2.509,3.239,3.069,1.609,2.329,2.029,2.639,2018
1526,Competitor-526,1.569,1.779,2.919,3.359,2.819,3.319,3.179,2.989,2.299,2.679,2.129,2.369,2018
1527,Competitor-527,1.709,1.519,3.109,2.569,2.319,3.319,3.279,3.259,1.409,1.639,2.659,1.679,2018
1528,Competitor-528,2.389,2.549,2.259,2.849,3.369,3.249,3.409,2.639,1.539,2.719,2.399,2.599,2018
1529,Competitor-529,1.689,2.799,3.429,2.549,2.589,3.199,2.499,2.979,2.729,1.329,2.099,1.489,2018
1530,Competitor-530,1.569,1.389,3.199,2.869,3.229,2.299,3.299,2.649,1.439,2.459,2.469,1.529,2018
1531,Competitor-531,2.399,2.549,3.369,2.299,3.219,2.579,2.299,2.939,2.549,2.749,2.749,1.489,2018
1532,Competitor-532,2.139,1.909,2.389,2.259,2.809,3.149,3.099,2.969,2.369,1.489,2.419,1.349,2018
1533,Competitor-533,1.929,2.089,2.509,3.439,3.169,3.489,2.659,2.339,2.189,1.549,2.109,1.359,2018
1534,Competitor-534,1.759,1.619,2.869,2.839,2.529,2.439,3.059,2.939,1.619,2.779,1.849,2.499,2018
1535,Competitor-535,2.009,1.579,2.409,2.679,3.389,2.929,3.089,3.119,1.449,2.139,2.629,2.489,2018
1536,Competitor-536,2.649,2.079,2.549,3.419,2.799,3.319,3.149,3.009,2.479,2.539,1.789,2.619,2018
1537,Competitor-537,2.689,2.549,2.999,3.509,2.389,3.059,3.409,2.789,1.449,2.399,2.759,1.329,2018
1538,Competitor-538,2.369,1.879,3.389,2.849,3.289,2.479,2.289,2.309,1.689,1.389,1.529,2.219,2018
1539,Competitor-539,1.379,2.169,2.249,2.569,2.459,2.789,2.999,2.989,1.479,1.449,1.949,2.499,2018
1540,Competitor-540,2.629,1.539,2.489,3.399,3.429,2.459,3.399,2.909,2.719,2.099,1.549,1.489,2018
1541,Competitor-541,2.339,2.429,2.809,3.349,2.969,2.679,2.759,3.459,2.479,1.679,1.479,1.749,2018
1542,Competitor-542,2.769,2.639,2.839,3.119,2.469,2.409,3.089,3.159,2.189,2.069,1.829,1.769,2018
1543,Competitor-543,2.319,2.069,2.799,2.699,3.329,3.059,3.399,2.709,2.179,1.829,2.269,2.469,2018
1544,Competitor-544,1.559,1.479,2.799,3.189,3.209,3.479,2.539,3.389,1.999,2.299,1.799,1.509,2018
1545,Competitor-545,2.139,2.739,2.709,2.659,3.049,3.149,2.929,2.979,2.619,1.789,2.409,1.449,2018
1546,Competitor-546,1.769,2.779,2.249,2.539,2.549,3.279,3.319,3.259,1.769,2.809,1.999,2.649,2018
1547,Competitor-547,2.479,2.609,3.059,3.219,2.919,2.549,3.449,3.399,2.789,2.779,2.789,1.589,2018
1548,Competitor-548,2.619,2.379,3.469,2.439,2.719,2.739,2.239,3.399,1.759,2.799,2.079,1.869,2018
1549,Competitor-549,1.389,1.509,3.069,3.479,2.549,2.249,2.669,2.339,2.219,2.249,1.999,2.739,2018
1550,Competitor-550,1.409,2.479,2.269,3.429,2.229,2.689,2.289,2.769,2.669,2.429,2.539,2.299,2018
1551,Competitor-551,1.779,1.669,3.199,3.299,3.139,2.279,2.299,2.509,1.949,1.859,1.369,1.729,2018
1552,Competitor-552,2.709,2.099,2.629,2.849,2.329,3.229,3.329,2.289,1.309,1.499,2.349,2.679,2018
1553,Competitor-553,2.169,1.429,2.909,3.499,2.579,3.479,2.799,3.459,2.389,2.189,1.619,1.349,2018
1554,Competitor-554,2.379,1.849,2.369,2.519,2.579,3.319,3.289,2.419,1.429,2.189,2.539,2.229,2018
1555,Competitor-555,1.569,2.539,2.699,2.429,2.969,3.199,2.509,3.019,1.909,2.639,2.179,1.989,2018
1556,Competitor-556,1.949,2.029,3.159,3.059,2.809,2.759,2.339,2.359,1.679,1.549,2.439,2.549,2018
1557,Competitor-557,2.559,2.329,3.239,2.989,2.399,2.849,2.309,2.919,2.829,2.619,1.829,1.689,2018
1558,Competitor-558,2.599,1.909,3.239,3.329,2.929,2.969,2.549,2.369,2.639,1.919,2.249,2.349,2018
1559,Competitor-559,1.669,2.399,3.069,2.859,2.259,2.499,3.229,2.999,1.659,2.009,2.419,1.619,2018
1560,Competitor-560,1.719,2.219,2.509,2.439,2.649,2.269,2.289,3.359,2.129,2.169,1.639,2.469,2018
1561,Competitor-561,1.359,2.659,3.329,3.089,2.819,2.709,3.219,2.939,2.739,1.959,1.779,2.619,2018
1562,Competitor-562,2.009,2.509,2.509,2.339,2.399,3.049,2.439,3.189,2.339,2.539,2.109,2.809,2018
1563,Competitor-563,2.269,2.319,2.809,2.669,2.809,2.989,2.889,3.019,2.579,1.559,2.009,2.609,2018
1564,Competitor-564,1.939,1.979,2.709,2.749,2.649,3.079,3.029,2.609,2.009,1.599,2.599,2.249,2018
1565,Competitor-565,2.429,2.209,3.349,3.179,2.509,2.499,3.189,2.709,1.749,2.479,1.569,1.409,2018
1566,Competitor-566,2.579,2.309,3.469,2.329,2.909,3.299,2.619,2.459,1.659,1.769,2.269,1.469,2018
1567,Competitor-567,1.509,1.589,2.319,2.939,2.849,3.039,2.829,2.559,1.869,1.929,2.319,1.819,2018
1568,Competitor-568,1.809,2.249,2.449,3.119,3.289,2.869,3.249,2.599,2.639,2.549,2.319,2.539,2018
1569,Competitor-569,1.439,1.369,2.309,2.859,2.789,2.899,3.159,2.619,1.629,2.329,2.219,2.739,2018
1570,Competitor-570,2.269,1.489,3.169,3.129,3.499,2.709,2.759,2.649,2.559,1.459,2.769,1.839,2018
1571,Competitor-571,2.629,2.319,2.379,2.319,2.699,3.079,2.679,2.839,2.139,1.889,1.939,2.409,2018
1572,Competitor-572,2.139,2.099,2.499,2.799,2.399,3.349,2.579,3.029,2.199,2.469,1.539,2.229,2018
1573,Competitor-573,2.599,1.499,3.019,2.689,2.759,2.409,3.399,3.439,2.339,2.119,2.699,2.659,2018
1574,Competitor-574,1.739,1.379,2.439,2.769,3.189,3.389,2.389,2.309,1.479,1.339,2.269,1.519,2018
1575,Competitor-575,2.129,1.819,2.829,2.939,2.899,2.949,3.189,2.299,1.449,1.879,1.379,2.429,2018
1576,Competitor-576,1.949,1.989,3.379,2.909,3.019,3.279,2.619,2.649,1.439,2.679,2.439,2.249,2018
1577,Competitor-577,2.729,1.799,2.829,3.079,3.039,3.079,2.559,3.049,1.429,2.759,1.309,2.729,2018
1578,Competitor-578,2.439,2.049,2.739,2.379,2.269,2.689,2.349,3.209,2.429,1.639,2.549,1.929,2018
1579,Competitor-579,2.119,1.979,2.499,2.269,3.489,2.249,2.529,3.269,2.409,1.639,2.699,2.289,2018
1580,Competitor-580,1.499,2.479,3.399,3.509,3.409,3.219,3.269,2.639,1.399,2.159,1.549,1.899,2018
1581,Competitor-581,2.189,2.539,3.489,3.169,2.329,2.879,3.299,2.699,1.539,1.769,2.659,2.189,2018
1582,Competitor-582,1.929,1.999,2.439,3.219,2.229,3.169,3.219,3.519,2.439,1.349,1.449,2.459,2018
1583,Competitor-583,2.589,2.569,3.209,3.089,2.959,2.469,2.239,2.839,2.049,2.229,1.929,2.329,2018
1584,Competitor-584,1.719,1.759,3.409,2.749,3.119,2.469,3.179,3.089,1.839,1.639,2.549,2.279,2018
1585,Competitor-585,2.729,2.529,2.469,2.859,2.449,3.139,2.889,3.039,1.639,1.379,1.579,1.729,2018
1586,Competitor-586,1.349,1.699,3.129,2.609,2.619,2.299,2.359,2.719,1.389,1.779,2.359,1.349,2018
1587,Competitor-587,1.549,2.319,2.829,2.549,3.489,2.379,3.019,3.459,2.109,2.249,1.809,1.829,2018
1588,Competitor-588,2.189,1.549,3.299,3.209,3.269,2.529,3.399,3.229,2.479,2.679,1.669,1.769,2018
1589,Competitor-589,2.529,2.129,2.479,3.319,2.469,3.169,3.159,2.399,2.539,2.349,1.539,1.589,2018
1590,Competitor-590,2.549,1.789,3.419,2.449,2.589,3.419,3.249,2.379,2.439,2.129,2.719,2.209,2018
1591,Competitor-591,2.509,2.079,3.059,2.359,2.469,3.039,2.639,2.489,2.349,2.099,2.779,2.639,2018
1592,Competitor-592,1.939,2.069,3.269,2.399,3.469,2.389,2.789,2.299,1.859,2.489,1.509,2.509,2018
1593,Competitor-593,1.919,1.759,3.019,2.329,3.169,2.889,2.709,2.609,2.409,2.209,1.799,1.339,2018
1594,Competitor-594,2.119,2.549,3.009,3.059,2.829,2.249,2.299,2.749,1.639,2.549,2.029,2.259,2018
1595,Competitor-595,1.739,2.109,2.629,3.409,2.669,2.709,3.289,3.339,2.739,2.069,2.149,1.809,2018
1596,Competitor-596,1.529,2.069,2.349,2.919,2.569,3.469,2.799,3.229,1.729,1.649,1.849,1.409,2018
1597,Competitor-597,1.579,1.589,2.959,2.469,2.419,2.669,3.489,2.429,1.819,2.319,2.049,2.569,2018
1598,Competitor-598,1.439,1.329,3.119,2.269,2.329,3.129,2.709,2.649,2.159,1.359,2.729,1.939,2018
1599,Competitor-599,2.219,2.699,2.879,2.629,2.249,2.699,3.069,2.949,2.609,2.099,2.769,1.759,2018
1600,Competitor-600,2.529,1.559,2.839,2.479,3.339,3.019,2.759,2.469,2.259,1.459,2.329,2.209,2018
1601,Competitor-601,2.519,2.829,3.019,3.149,2.809,3.439,3.429,3.009,1.829,1.699,1.339,2.729,2018
1602,Competitor-602,2.189,1.859,2.319,2.639,3.509,2.499,2.799,3.449,1.669,1.559,1.869,2.169,2018
1603,Competitor-603,2.599,2.309,3.489,2.629,3.029,3.129,3.169,2.899,1.729,2.329,2.399,2.709,2018
1604,Competitor-604,2.819,1.349,2.999,3.039,2.269,2.289,3.069,3.179,2.059,2.769,1.659,2.819,2018
1605,Competitor-605,2.639,2.439,3.229,3.209,2.289,2.299,2.859,3.019,2.259,1.839,2.499,2.719,2018
1606,Competitor-606,1.729,2.749,3.109,2.999,2.409,2.829,2.349,3.209,1.859,2.629,1.939,1.649,2018
1607,Competitor-607,2.749,2.329,2.999,2.729,2.569,3.159,3.109,2.729,1.599,1.639,2.339,1.819,2018
1608,Competitor-608,2.199,1.629,2.249,2.449,2.429,3.419,2.559,2.889,2.329,2.389,1.749,1.329,2018
1609,Competitor-609,1.939,1.379,2.829,2.389,2.939,2.319,2.489,2.649,2.179,1.939,1.919,1.549,2018
1610,Competitor-610,1.409,1.339,2.399,3.239,3.039,2.579,3.029,2.249,2.529,1.619,1.889,1.319,2018
1611,Competitor-611,1.639,2.439,2.879,2.619,3.409,2.699,2.669,2.749,2.439,2.819,1.539,2.239,2018
1612,Competitor-612,1.679,1.339,2.529,2.669,2.239,2.889,2.769,2.579,2.569,2.189,1.889,1.749,2018
1613,Competitor-613,1.339,1.599,2.989,2.429,2.339,3.049,2.759,2.589,2.099,1.949,2.589,2.129,2018
1614,Competitor-614,2.019,2.549,3.209,2.309,3.309,3.069,3.349,2.509,2.289,2.609,2.579,2.449,2018
1615,Competitor-615,1.389,1.799,3.319,2.889,2.559,3.099,3.429,3.519,2.689,2.149,2.109,2.309,2018
1616,Competitor-616,2.619,2.229,2.629,2.859,3.009,3.149,2.869,3.289,2.739,1.699,1.829,2.359,2018
1617,Competitor-617,1.759,2.199,2.739,2.909,3.399,2.529,2.669,2.609,2.019,1.569,2.349,2.649,2018
1618,Competitor-618,2.229,1.579,2.909,2.849,2.919,2.459,3.459,2.979,2.619,1.879,2.469,1.699,2018
1619,Competitor-619,1.589,2.489,3.359,2.779,3.089,2.539,2.579,3.019,1.669,1.459,2.569,1.619,2018
1620,Competitor-620,1.699,2.629,2.319,2.439,2.909,2.539,2.379,2.929,2.789,2.799,2.759,2.429,2018
1621,Competitor-621,2.219,2.399,3.439,2.409,3.329,2.879,2.379,3.219,1.469,2.399,2.099,1.559,2018
1622,Competitor-622,2.009,2.729,2.509,2.789,2.779,2.829,2.819,2.539,1.699,2.139,2.569,2.039,2018
1623,Competitor-623,2.179,2.659,2.289,2.499,3.309,2.519,2.909,2.989,2.059,2.709,2.319,2.789,2018
1624,Competitor-624,2.829,1.799,2.429,2.479,3.319,2.929,3.029,2.719,2.729,2.119,1.879,2.329,2018
1625,Competitor-625,1.459,2.709,2.949,2.439,3.409,2.869,2.659,3.119,1.479,1.669,2.819,2.069,2018
1626,Competitor-626,2.199,2.279,2.329,3.429,2.349,3.209,3.319,3.399,2.409,2.419,2.809,2.359,2018
1627,Competitor-627,2.769,1.339,3.159,2.449,2.799,3.369,3.379,2.499,2.799,1.499,2.199,2.119,2018
1628,Competitor-628,1.979,2.629,2.899,2.769,3.189,2.959,3.359,2.619,1.989,1.619,2.209,1.389,2018
1629,Competitor-629,2.629,1.419,2.279,3.089,3.359,2.379,2.609,3.309,2.249,2.609,2.369,2.059,2018
1630,Competitor-630,1.899,1.529,3.169,2.379,3.399,3.509,2.879,2.369,2.669,2.159,2.809,1.399,2018
1631,Competitor-631,1.939,2.689,3.519,2.309,3.109,3.099,2.459,3.279,1.869,2.489,2.309,2.439,2018
1632,Competitor-632,2.689,1.389,2.639,2.719,2.929,2.339,3.409,3.399,2.619,2.139,2.649,1.629,2018
1633,Competitor-633,1.509,1.899,3.219,2.959,2.979,2.689,2.809,3.499,2.439,2.239,2.229,2.059,2018
1634,Competitor-634,1.359,1.589,3.139,3.359,2.299,2.419,2.699,2.239,1.919,2.199,2.309,1.499,2018
1635,Competitor-635,2.339,2.699,3.089,2.789,2.509,3.489,2.649,2.849,1.899,2.499,2.029,2.189,2018
1636,Competitor-636,1.649,1.529,2.739,3.449,2.539,2.889,2.779,3.169,1.929,1.319,2.369,2.769,2018
1637,Competitor-637,2.169,1.479,2.519,2.919,2.299,3.109,3.239,2.979,1.749,2.719,2.599,2.479,2018
1638,Competitor-638,1.899,1.419,2.449,2.569,3.249,3.099,3.479,2.279,1.619,1.569,2.689,1.659,2018
1639,Competitor-639,2.249,1.899,2.899,2.469,2.459,2.299,2.859,2.609,2.489,1.879,1.789,1.369,2018
1640,Competitor-640,1.329,2.499,3.129,3.389,3.209,3.379,2.469,2.299,2.679,2.459,1.969,2.759,2018
1641,Competitor-641,1.729,1.939,3.419,2.729,2.289,3.079,2.929,3.009,2.339,2.139,1.769,2.709,2018
1642,Competitor-642,2.279,2.429,2.829,2.919,2.419,2.509,2.749,2.669,1.779,1.959,1.919,2.359,2018
1643,Competitor-643,1.639,1.939,3.459,3.219,2.919,2.939,2.639,2.489,2.219,2.829,1.619,2.269,2018
1644,Competitor-644,1.999,1.699,2.259,2.609,2.569,3.009,2.579,3.279,1.679,1.699,1.759,1.689,2018
1645,Competitor-645,2.389,2.549,2.979,2.809,3.399,3.089,3.249,3.419,2.569,2.349,1.729,2.039,2018
1646,Competitor-646,1.509,1.999,3.339,3.389,2.299,2.679,3.239,2.959,2.189,2.029,1.749,1.579,2018
1647,Competitor-647,1.329,2.269,3.259,2.489,2.329,3.059,2.909,3.189,2.429,1.469,2.529,1.979,2018
1648,Competitor-648,2.379,1.329,2.439,3.069,2.299,2.919,3.499,2.629,2.169,2.019,2.799,1.529,2018
1649,Competitor-649,1.949,1.959,3.229,2.609,3.289,2.539,3.289,2.919,2.339,2.239,2.349,2.219,2018
1650,Competitor-650,1.849,2.089,2.909,2.369,2.409,2.399,2.819,3.109,2.699,1.359,1.789,1.539,2018
1651,Competitor-651,2.139,1.609,2.649,2.739,2.559,2.449,3.419,3.049,2.179,1.529,2.349,2.799,2018
1652,Competitor-652,2.729,2.439,3.319,2.529,2.599,3.099,2.769,3.299,2.589,1.609,2.059,1.679,2018
1653,Competitor-653,1.559,1.619,2.839,3.229,3.109,2.429,2.759,2.619,1.929,1.519,2.319,1.719,2018
1654,Competitor-654,2.459,1.949,3.119,2.279,2.329,2.589,2.649,3.079,1.399,2.039,1.919,2.029,2018
1655,Competitor-655,1.359,1.709,3.489,3.429,2.939,2.949,2.419,2.299,1.509,1.429,2.659,1.469,2018
1656,Competitor-656,2.509,2.429,3.169,3.159,2.429,3.529,3.009,3.099,1.469,1.409,2.559,1.669,2018
1657,Competitor-657,1.919,2.239,3.369,2.649,3.009,3.029,2.789,2.539,1.759,1.739,2.549,2.069,2018
1658,Competitor-658,1.939,2.199,3.099,2.279,2.849,3.109,2.629,3.309,2.479,1.929,1.789,2.479,2018
1659,Competitor-659,2.299,1.449,3.469,3.389,2.249,3.089,2.369,2.439,1.499,2.629,2.269,1.849,2018
1660,Competitor-660,2.129,1.609,2.559,3.499,3.509,3.349,3.069,2.329,2.109,2.279,1.569,1.729,2018
1661,Competitor-661,2.399,1.539,2.959,2.929,2.939,2.529,3.369,2.989,2.389,1.789,1.949,1.749,2018
1662,Competitor-662,1.989,2.269,2.649,2.399,2.809,3.029,3.509,2.319,2.539,2.059,2.569,2.669,2018
1663,Competitor-663,2.379,2.229,2.339,2.679,2.419,3.119,2.819,2.319,2.769,2.469,1.619,1.409,2018
1664,Competitor-664,1.719,1.689,3.249,2.239,3.319,3.429,3.159,2.649,2.289,2.719,1.679,1.969,2018
1665,Competitor-665,2.169,1.499,2.269,3.229,2.759,2.889,2.809,3.279,2.309,1.479,2.759,1.489,2018
1666,Competitor-666,1.529,2.649,3.079,2.309,2.639,2.659,2.919,2.239,2.719,1.979,1.899,1.919,2018
1667,Competitor-667,2.409,1.319,3.179,2.999,3.529,2.349,2.529,2.699,1.929,1.329,1.519,1.929,2018
1668,Competitor-668,2.309,1.519,2.919,2.879,2.779,2.979,2.609,2.959,1.499,2.819,2.399,1.989,2018
1669,Competitor-669,1.879,1.809,2.689,3.159,2.389,2.639,2.789,3.069,1.999,2.719,1.729,2.789,2018
1670,Competitor-670,2.069,1.989,2.709,3.369,3.529,2.279,3.299,2.289,1.319,2.039,1.939,2.529,2018
1671,Competitor-671,2.059,1.589,3.409,3.239,3.319,2.649,2.969,2.789,1.979,1.859,1.439,1.989,2018
1672,Competitor-672,2.169,2.749,2.369,3.439,2.859,3.309,2.439,2.789,2.469,1.669,2.559,2.509,2018
1673,Competitor-673,2.469,2.799,3.299,3.129,2.949,2.679,3.169,2.609,1.549,2.599,2.479,1.819,2018
1674,Competitor-674,1.569,2.089,2.829,2.319,2.699,2.459,3.499,2.799,2.799,2.529,2.359,1.749,2018
1675,Competitor-675,1.989,1.699,2.399,2.569,3.479,3.489,3.089,3.359,1.639,2.809,1.899,2.579,2018
1676,Competitor-676,2.769,2.479,2.559,2.859,2.419,3.219,3.299,3.209,1.629,1.499,1.619,1.509,2018
1677,Competitor-677,2.649,2.769,3.459,3.069,2.239,3.269,2.639,2.529,2.609,2.419,2.339,2.699,2018
1678,Competitor-678,1.969,1.969,2.619,3.439,2.749,2.329,2.819,2.809,2.769,2.409,1.449,1.599,2018
1679,Competitor-679,1.959,1.789,3.379,2.379,2.799,2.899,2.789,3.519,2.339,2.319,2.619,2.029,2018
1680,Competitor-680,2.319,2.499,3.259,2.459,3.299,2.589,2.929,2.829,2.299,2.359,2.379,2.249,2018
1681,Competitor-681,1.949,1.319,2.899,2.939,2.979,2.409,2.829,3.369,2.069,1.519,1.699,2.409,2018
1682,Competitor-682,1.549,1.859,2.799,3.349,2.949,3.289,2.989,2.959,1.919,1.789,1.559,2.429,2018
1683,Competitor-683,2.639,2.549,3.059,2.369,2.999,3.509,2.559,3.389,1.839,1.499,2.599,1.649,2018
1684,Competitor-684,1.589,2.009,3.069,2.649,3.409,2.749,2.999,2.779,1.869,2.819,1.919,2.209,2018
1685,Competitor-685,2.359,1.729,2.449,2.569,2.499,2.929,2.269,2.449,1.829,2.619,2.279,1.899,2018
1686,Competitor-686,2.019,1.729,2.909,3.309,2.319,2.859,2.619,2.819,2.629,2.729,1.669,2.529,2018
1687,Competitor-687,2.399,2.799,2.269,3.479,3.369,2.419,2.329,2.779,2.539,2.299,2.009,1.779,2018
1688,Competitor-688,1.939,2.719,2.279,3.529,3.289,2.659,2.609,2.809,1.949,1.669,1.349,1.719,2018
1689,Competitor-689,2.259,2.409,2.919,2.689,2.289,2.639,2.329,2.489,2.189,1.699,1.939,2.709,2018
1690,Competitor-690,2.699,2.269,3.209,2.799,2.979,3.229,3.399,2.689,1.849,1.489,1.719,2.349,2018
1691,Competitor-691,1.469,1.319,3.519,2.799,2.739,2.809,3.319,2.639,1.449,2.409,1.529,1.689,2018
1692,Competitor-692,1.859,1.719,3.379,3.309,2.579,2.829,2.689,2.659,2.819,2.709,2.399,2.269,2018
1693,Competitor-693,1.429,2.569,3.519,3.069,2.269,2.739,2.709,2.459,2.599,2.289,2.579,1.439,2018
1694,Competitor-694,1.919,1.619,3.039,2.919,3.389,3.219,2.579,2.449,1.659,2.099,2.509,2.079,2018
1695,Competitor-695,2.819,2.109,2.349,2.859,2.729,3.029,2.869,3.119,2.439,2.009,2.399,2.179,2018
1696,Competitor-696,1.809,1.449,3.069,2.919,3.499,2.659,3.319,3.099,1.429,2.469,2.309,1.839,2018
1697,Competitor-697,1.709,1.669,3.319,3.279,2.549,3.479,3.489,3.499,1.759,2.269,2.749,2.329,2018
1698,Competitor-698,2.219,1.869,2.259,3.029,3.429,2.889,3.509,3.519,2.509,2.069,2.649,1.669,2018
1699,Competitor-699,2.599,2.509,2.949,3.519,3.079,2.259,3.439,2.719,1.379,2.769,2.029,1.389,2018
1700,Competitor-700,1.589,1.699,3.139,2.499,3.509,3.179,2.259,2.459,1.429,2.659,2.619,2.169,2018
1701,Competitor-701,2.569,1.569,3.379,2.259,2.659,2.899,2.729,3.009,1.399,2.399,2.689,2.489,2018
1702,Competitor-702,1.899,2.029,3.019,2.939,2.909,2.589,2.269,3.069,1.979,2.049,2.559,1.889,2018
1703,Competitor-703,1.869,2.119,2.919,2.229,3.349,3.189,3.199,3.359,1.569,1.339,2.079,2.179,2018
1704,Competitor-704,1.429,1.499,3.209,2.509,3.329,3.199,2.569,2.559,2.299,2.569,1.979,1.359,2018
1705,Competitor-705,1.839,2.249,2.489,2.819,2.519,2.659,3.339,3.139,2.179,1.439,1.399,2.579,2018
1706,Competitor-706,1.829,2.739,2.369,3.029,2.369,2.719,3.419,3.259,2.559,2.029,1.399,1.319,2018
1707,Competitor-707,2.089,1.959,3.389,2.679,3.199,3.299,2.679,2.469,2.549,1.729,2.129,2.659,2018
1708,Competitor-708,1.669,2.559,2.979,2.899,2.529,2.609,2.759,2.739,2.559,2.229,1.999,1.559,2018
1709,Competitor-709,2.169,1.759,2.759,3.049,3.519,3.389,2.529,2.309,1.909,1.889,2.229,2.159,2018
1710,Competitor-710,1.569,2.649,2.649,2.489,2.459,3.009,2.479,2.939,2.219,1.369,2.739,1.539,2018
1711,Competitor-711,2.769,1.359,2.789,2.289,3.349,2.949,3.319,2.259,2.159,2.489,2.089,1.679,2018
1712,Competitor-712,2.369,1.709,3.219,3.469,2.559,2.749,2.309,2.859,1.659,1.719,2.469,2.509,2018
1713,Competitor-713,1.529,2.259,2.249,3.129,3.229,3.259,3.039,2.519,2.749,2.009,1.579,1.729,2018
1714,Competitor-714,1.919,2.219,2.359,2.619,2.549,3.029,2.429,2.739,2.709,1.899,2.489,1.729,2018
1715,Competitor-715,1.869,2.549,3.449,2.499,3.169,3.479,2.999,2.949,1.409,1.659,1.559,2.509,2018
1716,Competitor-716,2.409,2.789,2.729,2.699,3.119,2.809,2.379,2.509,1.739,2.769,2.289,1.469,2018
1717,Competitor-717,2.389,1.679,2.889,3.299,2.599,2.649,2.319,3.079,2.619,2.089,2.149,2.789,2018
1718,Competitor-718,2.399,1.409,2.689,3.259,3.169,3.439,3.119,2.739,2.039,2.359,2.319,2.549,2018
1719,Competitor-719,1.479,1.449,2.289,2.349,3.049,2.709,2.419,2.619,2.219,2.649,2.809,2.519,2018
1720,Competitor-720,1.929,1.669,3.159,2.809,3.089,2.629,2.849,3.489,1.969,1.829,1.769,1.489,2018
1721,Competitor-721,2.139,1.809,3.079,3.439,2.339,3.029,2.259,2.869,1.979,1.309,1.619,2.789,2018
1722,Competitor-722,2.229,1.409,3.219,2.439,3.229,3.029,2.939,2.719,2.499,2.059,2.809,2.569,2018
1723,Competitor-723,2.049,1.619,2.699,2.929,3.379,3.509,2.699,2.929,2.079,2.569,2.519,2.749,2018
1724,Competitor-724,1.579,1.489,3.219,2.309,3.019,2.469,2.869,3.199,2.459,1.319,1.569,1.439,2018
1725,Competitor-725,2.479,2.159,2.669,2.529,2.559,2.679,3.199,2.409,1.329,2.669,2.689,1.319,2018
1726,Competitor-726,2.129,2.819,3.279,3.269,2.499,3.339,3.409,3.109,1.669,2.389,2.369,1.989,2018
1727,Competitor-727,2.269,2.729,2.279,3.159,2.859,2.669,2.749,3.499,2.269,1.639,2.389,1.829,2018
1728,Competitor-728,1.939,2.459,3.309,3.209,2.879,2.269,2.789,2.609,1.849,1.529,2.119,2.149,2018
1729,Competitor-729,2.239,2.449,3.209,2.699,3.209,3.239,3.029,3.129,1.699,2.789,1.329,2.099,2018
1730,Competitor-730,2.109,1.869,2.619,2.529,2.529,2.309,2.809,2.709,2.499,2.699,2.709,1.369,2018
1731,Competitor-731,1.509,2.319,3.239,2.899,2.899,2.579,2.929,3.079,2.639,2.039,2.829,1.329,2018
1732,Competitor-732,2.639,1.439,2.639,3.339,3.409,3.159,3.269,3.099,1.809,2.379,2.069,1.549,2018
1733,Competitor-733,2.629,2.379,3.459,2.749,2.289,2.649,2.999,2.369,1.639,2.269,2.079,1.399,2018
1734,Competitor-734,2.369,1.849,3.349,2.999,3.199,2.499,3.369,2.909,2.449,1.519,2.219,2.819,2018
1735,Competitor-735,2.619,2.329,2.769,3.149,3.199,2.689,3.109,2.389,2.519,1.939,2.449,1.319,2018
1736,Competitor-736,2.009,2.829,3.029,3.229,2.419,2.779,2.639,3.309,1.359,2.689,2.429,1.369,2018
1737,Competitor-737,1.319,1.949,2.419,3.259,2.569,2.839,3.419,3.129,2.659,1.549,1.809,2.429,2018
1738,Competitor-738,2.289,2.039,2.349,2.949,3.129,3.339,3.419,3.009,2.609,2.269,2.049,2.549,2018
1739,Competitor-739,1.489,1.619,3.219,3.509,2.649,2.309,2.409,3.129,1.969,1.959,2.559,1.839,2018
1740,Competitor-740,2.699,2.149,3.109,2.519,2.229,2.839,3.219,3.039,2.489,2.549,1.879,2.199,2018
1741,Competitor-741,1.789,1.349,3.409,3.119,2.619,2.759,2.429,2.969,2.609,1.439,1.959,1.739,2018
1742,Competitor-742,2.329,1.629,3.279,2.879,2.549,3.499,2.249,2.429,1.439,1.679,2.489,2.759,2018
1743,Competitor-743,2.719,1.659,2.749,2.969,2.379,3.209,2.759,2.349,2.509,2.069,2.309,1.339,2018
1744,Competitor-744,1.699,2.699,2.249,2.889,2.419,3.349,2.789,3.289,2.549,2.509,1.519,2.159,2018
1745,Competitor-745,2.449,1.599,2.859,2.719,3.499,3.379,3.229,3.209,2.519,2.189,1.849,2.679,2018
1746,Competitor-746,2.579,1.449,3.339,2.829,3.209,3.199,2.539,2.799,2.579,2.699,1.439,2.639,2018
1747,Competitor-747,2.679,1.939,2.299,2.229,3.489,2.719,3.059,3.519,1.449,1.669,2.109,1.989,2018
1748,Competitor-748,2.079,2.449,3.179,3.039,2.479,2.829,3.019,2.289,2.579,2.029,2.309,2.459,2018
1749,Competitor-749,2.419,2.459,3.049,3.199,3.039,2.379,3.019,2.649,1.389,1.629,2.249,2.569,2018
1750,Competitor-750,1.909,2.589,3.239,3.509,3.259,3.409,2.729,2.579,2.549,2.059,2.009,2.549,2018
1751,Competitor-751,2.809,2.679,3.219,2.289,2.559,3.209,3.269,2.939,2.509,1.359,2.099,1.759,2018
1752,Competitor-752,1.619,2.049,2.259,3.309,2.899,3.189,2.609,2.429,1.709,2.179,2.719,1.609,2018
1753,Competitor-753,1.569,2.449,2.799,2.589,2.839,2.619,2.759,3.209,1.909,2.339,1.349,2.769,2018
1754,Competitor-754,2.409,2.749,3.399,2.589,2.239,3.439,2.689,3.389,1.549,1.559,2.489,2.729,2018
1755,Competitor-755,1.439,2.539,3.269,2.549,3.509,3.259,2.999,2.389,1.759,2.539,2.039,1.809,2018
1756,Competitor-756,2.739,1.419,2.699,2.479,2.429,2.959,2.339,3.359,1.509,2.209,2.259,2.089,2018
1757,Competitor-757,2.819,1.529,2.719,2.349,2.479,3.169,2.649,3.129,2.629,1.919,2.799,1.409,2018
1758,Competitor-758,2.369,1.319,2.809,3.179,3.229,2.909,2.949,3.409,2.219,1.419,2.689,2.639,2018
1759,Competitor-759,2.129,1.939,3.309,2.349,2.929,3.379,2.579,3.059,2.059,2.319,2.609,2.429,2018
1760,Competitor-760,1.859,2.489,3.459,3.199,2.399,2.589,3.359,2.859,2.109,2.079,2.749,2.279,2018
1761,Competitor-761,2.619,2.569,2.879,2.469,2.759,2.529,3.279,2.889,1.819,2.129,2.599,2.189,2018
1762,Competitor-762,2.229,1.659,3.039,3.029,2.689,2.319,3.219,3.459,2.639,2.459,1.679,2.589,2018
1763,Competitor-763,1.309,1.329,3.039,2.509,2.279,3.379,3.369,3.059,1.549,1.369,2.099,2.299,2018
1764,Competitor-764,2.339,2.019,2.349,2.519,3.439,3.149,2.899,2.699,2.709,2.519,1.459,2.039,2018
1765,Competitor-765,2.739,1.519,2.779,2.779,3.089,2.679,3.289,2.429,2.819,1.409,1.319,2.529,2018
1766,Competitor-766,1.349,2.309,3.399,3.189,2.819,3.519,2.449,2.869,1.439,1.839,2.499,1.539,2018
1767,Competitor-767,1.969,2.189,2.979,2.909,2.469,2.579,3.339,3.379,2.659,1.409,1.969,1.559,2018
1768,Competitor-768,2.539,2.549,2.289,3.509,3.159,3.139,2.349,2.659,2.479,2.119,1.989,2.489,2018
1769,Competitor-769,2.749,2.659,3.109,2.399,2.939,2.449,3.449,3.479,2.039,2.549,1.529,1.779,2018
1770,Competitor-770,1.969,1.349,2.779,2.359,2.639,2.299,2.539,3.429,2.409,1.439,2.289,2.589,2018
1771,Competitor-771,1.859,2.239,2.949,3.499,2.769,2.319,2.249,3.269,2.189,1.529,1.859,2.009,2018
1772,Competitor-772,2.059,2.639,3.079,2.619,2.729,2.839,3.299,3.009,1.409,2.639,2.049,1.909,2018
1773,Competitor-773,1.519,1.579,3.029,3.019,3.389,2.379,2.879,3.119,2.079,2.759,1.839,2.469,2018
1774,Competitor-774,1.479,2.179,3.139,3.169,3.429,2.549,3.389,3.139,1.399,1.719,2.189,1.479,2018
1775,Competitor-775,2.349,2.659,2.479,2.679,2.329,3.359,2.809,2.589,1.909,2.439,2.559,1.619,2018
1776,Competitor-776,2.759,1.409,3.219,2.289,2.519,3.369,2.929,2.889,2.229,1.359,2.049,2.099,2018
1777,Competitor-777,1.369,1.639,2.509,2.929,3.039,2.799,2.939,3.079,2.749,2.489,2.589,2.459,2018
1778,Competitor-778,2.469,2.609,2.589,2.419,2.569,3.229,2.379,2.849,1.939,2.269,1.549,1.899,2018
1779,Competitor-779,2.219,2.799,3.189,2.639,2.269,3.309,2.959,2.389,1.429,2.079,1.759,2.789,2018
1780,Competitor-780,1.919,1.429,2.619,3.039,2.459,2.879,3.069,3.419,2.479,1.599,2.139,2.199,2018
1781,Competitor-781,1.999,2.409,3.509,2.549,2.339,3.289,3.449,3.429,2.209,2.269,2.379,1.409,2018
1782,Competitor-782,2.409,1.889,2.689,2.959,3.259,3.099,2.699,3.319,2.049,2.359,1.509,1.639,2018
1783,Competitor-783,1.879,2.339,2.609,2.979,3.209,2.849,3.069,2.259,1.979,2.149,1.459,2.449,2018
1784,Competitor-784,2.349,1.769,3.179,2.549,2.599,3.439,3.439,2.599,1.949,1.979,2.029,2.239,2018
1785,Competitor-785,2.659,2.039,2.789,3.109,2.509,2.909,2.809,2.609,2.409,2.099,1.719,2.259,2018
1786,Competitor-786,1.969,1.409,2.979,2.679,2.769,2.849,2.459,2.369,2.709,1.449,2.699,2.199,2018
1787,Competitor-787,1.849,2.209,2.479,2.969,2.959,2.669,2.349,2.789,1.769,2.539,2.279,1.419,2018
1788,Competitor-788,2.809,1.439,2.569,2.409,3.339,2.249,2.939,2.419,1.719,1.509,2.029,2.169,2018
1789,Competitor-789,2.769,1.389,2.849,2.769,3.099,2.579,2.769,3.419,2.709,1.889,1.399,2.419,2018
1790,Competitor-790,1.529,2.089,3.429,3.389,2.229,2.519,3.339,2.959,2.369,1.959,1.799,1.589,2018
1791,Competitor-791,1.679,2.139,2.709,2.289,2.989,2.289,2.439,2.439,1.769,2.729,1.439,1.519,2018
1792,Competitor-792,1.309,2.739,2.689,3.049,2.949,2.609,2.539,3.199,2.489,1.869,1.549,1.849,2018
1793,Competitor-793,2.459,1.939,3.089,2.859,3.129,2.779,3.379,3.199,2.219,2.669,1.759,2.129,2018
1794,Competitor-794,2.319,2.589,2.769,3.449,2.799,2.629,3.499,2.279,2.529,2.749,2.359,2.379,2018
1795,Competitor-795,2.039,1.949,3.209,3.099,2.369,3.439,2.299,2.229,1.739,2.399,2.279,2.289,2018
1796,Competitor-796,2.429,2.229,2.619,3.379,3.379,2.239,3.129,3.349,1.679,2.229,1.389,1.599,2018
1797,Competitor-797,1.959,1.619,3.269,3.139,3.329,3.399,3.449,3.429,2.799,1.619,2.319,1.779,2018
1798,Competitor-798,2.219,2.809,2.949,2.389,3.139,2.999,3.069,2.739,2.249,2.459,1.349,2.119,2018
1799,Competitor-799,2.259,1.349,3.339,2.949,3.439,3.399,3.129,2.909,1.509,2.109,2.429,2.089,2018
1800,Competitor-800,2.429,2.589,2.939,3.269,2.889,2.639,2.749,3.089,2.289,2.649,2.399,2.129,2018
1801,Competitor-801,2.409,1.529,2.769,2.759,2.419,2.279,3.029,2.779,1.549,2.569,2.739,1.369,2018
1802,Competitor-802,1.969,2.029,2.309,3.369,2.829,2.899,3.149,2.819,2.829,1.519,1.919,1.889,2018
1803,Competitor-803,2.549,1.729,2.509,2.459,2.689,3.239,3.319,2.469,2.079,1.409,2.469,2.659,2018
1804,Competitor-804,2.669,2.749,2.669,3.279,2.469,2.489,3.339,2.319,1.719,2.019,1.989,1.359,2018
1805,Competitor-805,2.069,1.689,3.189,2.819,3.299,2.879,2.429,2.419,1.899,1.989,1.429,2.109,2018
1806,Competitor-806,1.659,2.489,2.469,2.799,2.389,2.559,2.799,2.599,2.259,2.559,2.159,1.949,2018
1807,Competitor-807,2.679,2.349,2.629,2.779,3.089,3.059,3.079,3.189,2.209,2.669,2.139,2.799,2018
1808,Competitor-808,1.339,1.639,3.199,2.569,2.719,3.239,3.519,2.909,1.859,1.819,2.379,1.519,2018
1809,Competitor-809,2.689,2.779,2.739,2.449,2.679,3.029,2.359,2.669,2.409,1.509,1.619,1.879,2018
1810,Competitor-810,2.169,1.539,2.799,2.949,3.469,2.489,3.299,2.569,1.679,1.749,2.139,2.779,2018
1811,Competitor-811,2.099,1.689,3.409,2.589,3.379,3.129,3.119,2.909,2.459,2.529,2.149,2.369,2018
1812,Competitor-812,2.539,2.419,3.199,3.049,2.519,2.339,3.249,2.699,1.909,1.469,2.659,1.439,2018
1813,Competitor-813,2.349,2.389,2.869,2.449,2.609,3.129,2.799,2.559,1.399,2.729,1.329,2.399,2018
1814,Competitor-814,1.629,2.069,3.159,2.299,3.469,3.209,2.379,2.369,1.439,2.019,2.419,1.529,2018
1815,Competitor-815,2.579,2.439,2.339,2.679,2.369,3.289,3.029,2.549,2.109,2.469,1.999,2.099,2018
1816,Competitor-816,2.049,1.309,3.499,3.439,2.239,2.609,2.549,3.249,2.429,2.079,1.979,2.819,2018
1817,Competitor-817,2.549,1.639,3.449,3.159,3.349,2.949,2.709,3.489,1.869,2.479,2.219,1.829,2018
1818,Competitor-818,2.659,2.449,2.589,2.749,2.479,2.539,2.489,3.339,2.379,2.299,1.449,2.289,2018
1819,Competitor-819,1.919,2.229,3.039,2.999,2.789,2.969,2.369,2.739,2.329,1.689,1.689,2.239,2018
1820,Competitor-820,1.519,2.589,2.829,2.499,2.879,2.399,2.589,3.139,1.469,2.649,1.699,2.059,2018
1821,Competitor-821,1.659,1.979,2.579,2.859,2.529,2.389,3.189,3.149,1.379,2.419,1.639,2.599,2018
1822,Competitor-822,1.739,2.439,2.949,2.359,3.239,3.019,3.489,3.009,2.379,2.259,1.469,2.029,2018
1823,Competitor-823,1.829,1.519,3.019,2.719,2.469,2.599,2.649,3.089,1.579,1.859,2.599,2.239,2018
1824,Competitor-824,2.559,1.419,2.279,2.529,2.989,3.409,2.269,2.269,1.579,1.459,2.419,1.349,2018
1825,Competitor-825,2.449,2.209,3.099,3.289,3.509,2.359,3.509,3.209,1.999,2.399,2.419,1.589,2018
1826,Competitor-826,2.669,2.199,2.579,2.709,2.839,2.559,2.959,2.499,1.409,1.689,2.819,2.639,2018
1827,Competitor-827,2.739,1.389,2.409,2.549,2.289,2.289,3.299,2.979,1.389,2.689,2.659,1.639,2018
1828,Competitor-828,2.549,2.569,3.269,2.779,2.489,3.079,2.679,2.669,2.039,1.939,2.219,1.429,2018
1829,Competitor-829,2.249,2.609,2.989,2.609,2.719,2.739,2.569,3.359,2.009,1.899,2.729,1.549,2018
1830,Competitor-830,2.399,2.039,2.449,3.039,3.239,2.689,3.469,3.349,1.549,2.219,1.779,2.639,2018
1831,Competitor-831,2.389,2.709,2.839,3.139,2.859,3.459,3.079,2.659,1.489,2.099,1.989,1.809,2018
1832,Competitor-832,1.669,1.839,2.469,3.439,2.759,2.519,2.389,2.739,2.219,1.699,1.989,2.589,2018
1833,Competitor-833,2.209,2.009,3.009,2.549,2.299,2.479,3.179,3.339,1.829,1.549,1.849,2.289,2018
1834,Competitor-834,2.449,1.409,2.479,2.489,3.079,3.079,2.959,3.349,1.949,1.469,1.989,2.489,2018
1835,Competitor-835,1.509,1.439,2.819,2.979,2.239,3.189,3.479,2.399,2.469,2.629,2.759,2.639,2018
1836,Competitor-836,2.069,1.849,2.829,2.609,2.559,3.109,3.329,3.479,1.619,2.499,1.419,1.619,2018
1837,Competitor-837,1.429,2.029,3.119,2.569,2.349,2.669,3.469,3.269,1.519,1.689,1.909,2.539,2018
1838,Competitor-838,2.609,1.639,3.129,3.149,2.359,3.449,3.489,2.289,2.069,1.429,2.159,2.159,2018
1839,Competitor-839,1.419,1.809,2.239,3.359,2.599,2.279,2.799,2.479,2.039,2.389,1.829,1.809,2018
1840,Competitor-840,1.759,2.339,2.939,2.459,2.849,2.569,2.999,3.159,1.589,1.849,2.369,1.459,2018
1841,Competitor-841,2.119,2.639,2.459,2.559,3.339,2.719,2.609,2.449,1.349,1.499,1.869,1.719,2018
1842,Competitor-842,2.509,1.929,3.259,2.619,3.079,3.519,2.559,2.669,2.739,2.739,1.389,2.539,2018
1843,Competitor-843,2.489,1.739,2.859,2.959,2.759,3.199,3.499,3.279,1.589,2.209,2.159,2.109,2018
1844,Competitor-844,2.129,2.399,3.059,2.549,2.539,3.049,3.069,3.369,1.669,2.729,1.849,1.639,2018
1845,Competitor-845,2.059,2.609,3.389,2.619,3.369,3.099,3.239,3.309,2.459,2.359,2.139,2.589,2018
1846,Competitor-846,2.529,2.619,2.249,2.689,2.799,2.759,2.929,2.859,1.799,2.259,2.729,1.769,2018
1847,Competitor-847,2.309,2.789,3.119,3.129,2.879,2.949,2.509,2.579,1.909,2.339,2.229,2.049,2018
1848,Competitor-848,2.569,1.339,2.609,2.289,2.919,2.229,3.419,2.959,1.749,2.209,1.879,1.379,2018
1849,Competitor-849,2.359,2.079,3.419,2.439,3.349,3.019,2.689,3.189,2.659,2.629,2.129,2.109,2018
1850,Competitor-850,1.729,1.399,2.879,2.589,2.859,2.309,2.869,2.579,2.609,1.689,2.129,1.339,2018
1851,Competitor-851,2.359,1.739,3.499,3.239,2.459,3.239,2.759,3.459,1.809,1.739,1.309,2.209,2018
1852,Competitor-852,2.439,1.329,3.099,3.359,3.069,2.789,2.389,2.619,2.459,2.549,1.319,1.339,2018
1853,Competitor-853,2.739,2.609,2.259,2.769,3.489,3.249,2.699,3.199,1.359,2.219,2.699,1.359,2018
1854,Competitor-854,1.469,1.809,2.609,2.489,2.919,2.589,3.179,2.859,2.309,2.459,1.719,2.279,2018
1855,Competitor-855,1.699,2.009,2.439,2.479,2.339,2.959,2.669,2.679,2.759,2.499,1.699,2.169,2018
1856,Competitor-856,1.489,2.529,3.399,3.189,3.499,2.659,3.329,2.969,1.339,1.929,2.419,1.459,2018
1857,Competitor-857,1.909,1.859,2.679,2.459,3.149,2.739,2.979,2.379,2.339,1.599,2.399,1.649,2018
1858,Competitor-858,2.089,1.879,3.049,3.039,2.719,2.669,2.799,3.109,1.329,1.789,1.579,2.429,2018
1859,Competitor-859,1.439,2.819,2.889,2.549,2.599,2.769,2.329,3.419,2.709,1.429,2.399,2.179,2018
1860,Competitor-860,1.499,2.619,2.909,3.059,3.129,2.439,2.569,3.499,1.569,1.789,1.569,1.379,2018
1861,Competitor-861,1.589,2.529,3.339,3.319,2.449,3.419,2.659,3.199,2.399,1.769,2.469,1.339,2018
1862,Competitor-862,1.949,1.959,3.479,2.839,2.979,3.069,2.309,2.249,2.499,2.449,1.329,1.609,2018
1863,Competitor-863,1.819,2.159,3.239,3.419,2.659,2.669,3.239,2.889,1.769,1.789,2.569,2.009,2018
1864,Competitor-864,2.599,1.769,3.099,2.409,3.489,2.489,3.079,2.859,2.489,2.079,2.259,2.149,2018
1865,Competitor-865,1.769,1.619,3.449,3.449,3.359,2.309,3.439,3.249,2.569,2.479,2.689,1.409,2018
1866,Competitor-866,2.029,2.339,2.399,2.599,2.809,2.479,3.509,2.929,1.319,2.699,2.669,2.229,2018
1867,Competitor-867,2.339,2.089,3.199,3.369,2.759,3.519,2.919,2.519,2.029,1.879,2.089,2.159,2018
1868,Competitor-868,1.779,1.489,3.149,2.309,2.409,2.849,2.849,2.969,1.749,2.529,2.439,2.459,2018
1869,Competitor-869,2.219,1.939,2.399,2.709,2.649,2.399,2.939,3.019,2.409,2.649,2.679,2.679,2018
1870,Competitor-870,2.629,1.829,2.389,2.889,2.889,2.349,2.699,2.869,1.569,1.469,2.259,1.389,2018
1871,Competitor-871,1.339,2.669,3.179,3.049,2.999,2.739,3.139,3.279,2.169,1.549,2.209,1.519,2018
1872,Competitor-872,2.049,2.649,2.969,2.869,2.519,2.769,3.169,3.219,1.629,1.549,2.289,1.959,2018
1873,Competitor-873,2.339,1.649,2.979,3.349,3.079,3.289,3.339,2.789,2.569,2.229,2.519,2.759,2018
1874,Competitor-874,1.459,2.659,2.799,3.239,3.449,2.739,3.269,2.409,2.679,2.619,2.799,1.789,2018
1875,Competitor-875,2.549,2.089,2.749,3.149,3.099,2.639,3.489,3.299,2.169,2.059,2.469,2.139,2018
1876,Competitor-876,1.739,2.569,3.479,2.439,3.129,3.459,2.939,3.259,1.329,1.389,1.859,2.499,2018
1877,Competitor-877,2.079,1.529,2.799,2.819,2.699,3.059,2.369,2.539,2.619,1.949,2.759,2.449,2018
1878,Competitor-878,2.029,2.229,3.519,2.439,2.309,2.569,3.099,2.419,1.799,1.919,1.899,2.459,2018
1879,Competitor-879,1.329,1.449,2.589,2.519,2.279,2.679,2.579,2.319,1.859,2.809,2.459,1.549,2018
1880,Competitor-880,1.919,1.929,3.199,2.549,2.449,3.529,2.259,2.949,1.399,2.509,2.819,1.709,2018
1881,Competitor-881,2.099,2.049,2.369,3.379,2.489,3.139,3.519,2.859,2.469,2.369,2.569,1.629,2018
1882,Competitor-882,2.399,1.499,2.949,2.449,3.519,3.079,3.029,2.509,1.789,1.409,2.009,1.419,2018
1883,Competitor-883,1.399,2.669,2.529,2.979,2.759,2.609,2.279,3.049,2.259,2.249,2.809,2.369,2018
1884,Competitor-884,2.689,1.349,2.249,2.429,2.239,3.359,2.269,2.679,2.689,2.059,2.299,1.319,2018
1885,Competitor-885,1.759,1.719,2.339,2.279,2.999,3.509,2.609,2.569,2.669,2.179,1.989,1.819,2018
1886,Competitor-886,1.619,2.459,2.319,3.109,2.319,2.809,2.539,3.009,2.729,2.159,2.729,2.139,2018
1887,Competitor-887,2.499,2.769,3.499,2.249,2.429,3.489,2.709,3.519,2.689,1.549,2.339,2.329,2018
1888,Competitor-888,2.059,2.599,3.449,3.029,3.099,3.509,2.979,3.339,1.409,1.339,2.049,1.799,2018
1889,Competitor-889,2.349,1.809,2.939,3.489,2.649,3.499,2.769,2.859,2.749,1.829,2.369,2.819,2018
1890,Competitor-890,1.569,2.649,3.449,3.279,3.209,3.529,2.839,2.279,2.599,1.509,2.399,1.989,2018
1891,Competitor-891,2.499,1.689,2.769,2.509,2.319,2.279,3.279,2.389,1.539,1.349,2.299,2.199,2018
1892,Competitor-892,1.919,1.319,3.519,2.889,2.759,2.719,2.859,2.709,1.499,1.999,1.789,2.279,2018
1893,Competitor-893,2.329,1.849,3.429,3.069,2.909,3.209,2.269,2.639,2.649,2.779,2.699,1.339,2018
1894,Competitor-894,1.819,1.929,3.449,3.119,2.329,2.709,2.769,2.659,2.549,1.649,1.719,1.959,2018
1895,Competitor-895,1.709,1.409,2.859,3.399,2.669,2.339,2.689,2.409,1.719,2.269,1.359,2.429,2018
1896,Competitor-896,2.739,2.119,2.669,2.339,2.229,2.399,2.859,2.469,2.319,2.729,2.329,2.329,2018
1897,Competitor-897,2.419,2.249,2.849,2.719,3.319,3.009,2.369,2.299,2.739,2.069,2.009,1.659,2018
1898,Competitor-898,2.629,1.559,3.099,3.319,2.539,2.869,3.339,2.729,2.199,2.599,1.679,1.559,2018
1899,Competitor-899,2.419,1.709,3.419,2.339,3.329,2.309,2.859,2.559,2.679,2.229,2.349,1.979,2018
1900,Competitor-900,2.739,2.469,3.009,2.789,2.659,2.249,2.719,3.159,2.809,2.319,2.439,1.519,2018
1901,Competitor-901,2.809,2.019,3.219,2.569,2.539,2.479,3.309,3.449,2.559,1.469,2.789,2.309,2018
1902,Competitor-902,2.609,1.899,2.399,3.169,2.489,3.159,3.049,3.219,2.289,2.699,2.049,1.589,2018
1903,Competitor-903,2.489,2.529,2.519,3.479,2.979,3.279,2.569,3.119,1.889,1.479,1.549,1.389,2018
1904,Competitor-904,1.699,1.509,2.829,2.779,2.889,3.369,3.129,2.489,2.549,2.549,2.169,1.829,2018
1905,Competitor-905,1.919,2.189,2.469,3.429,3.429,3.269,2.949,3.239,1.599,2.329,1.709,1.949,2018
1906,Competitor-906,2.069,2.299,2.559,3.299,2.369,2.999,2.549,3.259,1.709,2.679,1.969,1.619,2018
1907,Competitor-907,2.169,2.809,2.939,2.769,2.839,3.289,2.769,3.109,1.769,2.249,2.599,2.439,2018
1908,Competitor-908,2.389,2.089,2.709,3.529,3.419,2.719,2.539,2.829,2.579,1.829,1.639,2.659,2018
1909,Competitor-909,2.719,2.279,3.139,3.139,2.849,2.739,3.459,2.689,2.329,1.789,2.229,1.559,2018
1910,Competitor-910,2.599,1.729,2.369,2.899,2.679,3.449,2.809,3.449,1.549,2.769,2.089,2.209,2018
1911,Competitor-911,1.519,1.939,3.469,2.669,3.529,2.249,3.229,3.129,2.439,2.759,2.069,2.629,2018
1912,Competitor-912,1.439,1.549,2.539,2.539,3.019,2.259,3.429,3.449,2.389,2.279,2.259,2.129,2018
1913,Competitor-913,2.189,2.649,2.639,3.419,3.459,3.389,2.929,2.509,2.659,2.809,1.439,2.289,2018
1914,Competitor-914,2.779,1.729,2.609,2.839,2.329,3.499,2.889,3.129,2.679,1.739,1.719,2.189,2018
1915,Competitor-915,2.239,1.309,2.809,3.129,3.309,2.429,3.479,2.259,2.239,2.589,2.639,2.419,2018
1916,Competitor-916,2.809,2.769,3.069,2.899,3.059,3.399,2.449,3.179,1.949,1.449,2.519,2.119,2018
1917,Competitor-917,1.469,2.099,3.489,3.039,2.809,2.269,2.869,2.649,1.879,2.539,2.439,2.739,2018
1918,Competitor-918,2.159,1.389,3.349,2.489,3.229,2.529,3.279,2.319,2.169,1.849,2.279,2.409,2018
1919,Competitor-919,2.759,2.369,3.359,2.689,2.459,2.539,2.429,2.959,1.859,2.589,1.419,1.939,2018
1920,Competitor-920,1.449,1.399,3.509,3.079,3.129,3.529,2.369,3.209,2.009,1.309,2.659,1.989,2018
1921,Competitor-921,2.529,1.859,2.549,3.059,3.029,2.999,2.629,2.769,2.359,2.779,2.719,2.089,2018
1922,Competitor-922,1.469,2.379,2.439,2.509,2.989,3.469,2.419,3.259,2.819,2.209,1.339,2.799,2018
1923,Competitor-923,2.139,2.159,2.769,3.129,2.349,2.799,2.729,2.289,2.639,2.479,2.729,1.789,2018
1924,Competitor-924,2.239,2.669,3.219,2.349,2.939,3.249,2.589,2.539,1.389,2.399,1.359,1.559,2018
1925,Competitor-925,2.189,2.709,2.929,3.319,2.839,3.249,3.459,2.479,2.179,2.379,2.619,2.319,2018
1926,Competitor-926,1.349,2.199,2.519,3.489,3.169,2.409,3.069,2.959,2.189,1.819,1.419,1.659,2018
1927,Competitor-927,2.659,2.719,3.059,3.459,2.949,3.139,3.119,3.019,1.479,2.809,1.519,2.119,2018
1928,Competitor-928,2.019,1.519,2.659,3.089,3.249,2.789,3.079,3.099,2.459,2.469,2.579,2.739,2018
1929,Competitor-929,2.809,2.379,3.389,2.619,2.389,2.869,2.319,3.069,2.059,2.189,1.539,2.069,2018
1930,Competitor-930,1.999,2.569,2.949,3.279,2.499,2.459,3.439,3.149,2.579,2.079,2.019,1.469,2018
1931,Competitor-931,2.119,2.019,3.169,2.869,3.139,2.289,2.979,3.299,1.469,1.559,1.539,2.149,2018
1932,Competitor-932,2.829,1.849,2.469,2.769,3.019,3.109,2.629,2.549,2.169,2.199,1.729,2.809,2018
1933,Competitor-933,2.089,2.519,3.229,2.879,2.259,2.849,3.029,2.289,1.979,1.929,2.249,1.589,2018
1934,Competitor-934,2.699,2.119,2.229,3.139,3.109,3.369,2.639,3.269,2.679,2.609,1.889,1.419,2018
1935,Competitor-935,2.679,2.659,2.489,2.359,2.479,3.249,3.319,3.519,1.469,2.599,2.179,2.349,2018
1936,Competitor-936,2.519,2.749,2.399,2.479,2.239,2.549,2.989,2.519,2.309,2.139,1.379,1.989,2018
1937,Competitor-937,2.159,1.899,2.839,2.529,2.529,2.979,2.789,2.659,2.269,2.479,2.209,2.499,2018
1938,Competitor-938,2.789,2.159,3.239,2.869,3.249,3.349,2.429,2.409,1.869,1.789,1.659,2.779,2018
1939,Competitor-939,2.029,1.729,3.479,2.539,3.119,3.449,2.789,2.489,2.159,2.209,2.119,1.869,2018
1940,Competitor-940,2.229,1.799,3.229,3.049,2.699,2.559,3.409,2.489,2.049,1.379,2.539,2.199,2018
1941,Competitor-941,2.699,2.169,2.669,2.299,3.099,3.399,2.659,3.279,2.019,2.799,1.749,2.089,2018
1942,Competitor-942,1.409,2.049,2.889,2.759,2.729,2.469,2.839,2.409,1.719,1.999,2.159,2.139,2018
1943,Competitor-943,2.059,2.209,2.829,3.139,2.679,3.129,2.249,3.099,2.659,1.519,2.149,1.879,2018
1944,Competitor-944,1.369,1.669,2.239,2.339,2.589,2.799,2.389,3.379,2.249,2.289,2.799,1.319,2018
1945,Competitor-945,2.499,1.759,3.329,2.659,2.819,2.599,3.479,3.059,2.059,1.529,2.799,2.719,2018
1946,Competitor-946,2.029,1.659,2.299,2.789,3.329,3.339,2.799,3.269,2.609,2.379,1.979,2.359,2018
1947,Competitor-947,2.539,2.239,2.889,3.059,2.519,2.559,2.919,2.889,2.279,2.199,2.339,2.559,2018
1948,Competitor-948,1.559,2.289,2.959,3.199,2.429,2.669,2.709,3.039,2.519,1.729,2.159,1.669,2018
1949,Competitor-949,1.669,2.779,2.349,3.229,2.289,3.349,2.959,3.129,1.539,1.489,1.679,2.589,2018
1950,Competitor-950,1.939,2.389,3.369,3.089,2.949,2.429,2.379,2.709,1.569,2.509,1.579,1.909,2018
1951,Competitor-951,1.979,1.719,3.509,3.149,2.719,2.799,2.409,3.499,2.749,2.209,2.729,2.169,2018
1952,Competitor-952,1.729,2.309,2.719,2.799,3.349,2.529,3.479,3.259,1.779,2.489,2.649,2.789,2018
1953,Competitor-953,2.279,2.659,3.529,3.019,2.619,2.499,2.609,2.689,1.889,1.499,1.719,1.569,2018
1954,Competitor-954,2.359,2.669,3.379,2.819,3.069,3.329,3.399,3.219,1.479,1.649,1.989,2.439,2018
1955,Competitor-955,1.359,2.779,2.279,3.279,2.329,2.919,2.829,2.829,2.219,1.359,1.569,1.449,2018
1956,Competitor-956,2.189,1.579,2.979,3.069,3.039,2.839,2.699,2.449,2.409,2.669,2.809,2.649,2018
1957,Competitor-957,2.529,1.649,2.679,2.499,2.579,2.919,2.439,3.059,2.169,1.589,2.599,2.599,2018
1958,Competitor-958,2.579,1.679,2.429,3.479,2.419,3.079,2.679,3.349,2.579,1.749,1.969,1.629,2018
1959,Competitor-959,1.879,1.719,2.299,3.489,2.549,2.679,2.599,2.899,2.049,1.499,2.689,2.029,2018
1960,Competitor-960,2.539,2.359,3.329,2.969,3.449,2.549,3.359,3.009,1.499,1.369,2.809,1.539,2018
1961,Competitor-961,2.089,2.099,2.249,3.169,3.359,2.879,2.459,3.419,1.919,2.359,2.419,1.609,2018
1962,Competitor-962,2.579,2.639,2.269,2.409,3.199,3.529,3.499,2.409,1.429,1.389,2.539,2.159,2018
1963,Competitor-963,2.399,1.429,2.789,3.009,2.629,2.329,3.519,3.499,1.659,1.869,2.309,1.419,2018
1964,Competitor-964,2.039,1.509,3.399,2.329,2.899,3.159,2.569,3.519,1.959,2.739,1.409,2.129,2018
1965,Competitor-965,1.909,2.429,2.429,2.899,3.349,2.459,2.909,2.909,2.549,1.419,1.879,1.869,2018
1966,Competitor-966,1.719,2.639,3.459,2.829,3.219,2.959,2.339,2.409,1.679,2.779,1.779,1.539,2018
1967,Competitor-967,1.999,1.539,3.229,3.029,2.849,2.999,3.219,3.279,2.679,1.669,2.719,2.099,2018
1968,Competitor-968,2.169,1.459,3.119,2.899,2.929,2.859,3.309,3.379,2.499,2.579,2.509,2.259,2018
1969,Competitor-969,1.659,1.429,2.339,3.399,2.369,2.809,2.419,3.019,2.599,2.769,1.789,2.469,2018
1970,Competitor-970,2.389,2.369,2.779,3.189,3.379,3.089,2.569,3.189,2.539,2.139,1.589,2.359,2018
1971,Competitor-971,1.669,1.489,2.659,3.359,3.459,3.129,3.089,3.199,1.899,1.869,1.309,1.979,2018
1972,Competitor-972,2.259,2.489,2.949,2.899,3.329,2.529,2.869,2.239,2.019,1.669,1.979,1.509,2018
1973,Competitor-973,1.669,2.759,3.049,2.399,3.039,2.679,2.999,3.059,1.859,1.569,2.649,1.899,2018
1974,Competitor-974,1.829,2.479,2.879,2.569,3.139,2.529,2.299,2.839,1.399,1.919,2.569,2.679,2018
1975,Competitor-975,2.209,2.809,2.929,2.239,2.899,3.359,2.299,2.329,1.439,1.499,2.499,2.609,2018
1976,Competitor-976,1.689,1.979,3.099,2.379,3.209,2.709,2.819,3.459,2.659,1.549,2.209,2.049,2018
1977,Competitor-977,1.979,2.769,2.499,3.369,3.139,2.299,2.489,2.649,1.869,2.649,1.899,1.469,2018
1978,Competitor-978,1.729,2.289,2.599,3.409,3.169,2.589,2.939,2.899,2.559,2.289,2.449,1.749,2018
1979,Competitor-979,2.159,1.899,2.729,2.509,3.329,3.039,3.249,3.359,2.559,1.839,2.609,1.449,2018
1980,Competitor-980,1.429,1.379,2.499,2.369,2.659,2.429,3.089,2.719,1.439,2.009,2.779,2.369,2018
1981,Competitor-981,1.649,2.389,2.259,2.569,3.179,2.379,2.649,3.239,1.509,2.759,1.379,2.099,2018
1982,Competitor-982,2.449,1.359,2.619,3.389,2.969,2.879,2.299,2.299,2.309,2.439,2.279,2.089,2018
1983,Competitor-983,2.419,2.009,2.759,3.119,2.939,3.289,3.379,3.459,2.199,2.559,1.829,2.099,2018
1984,Competitor-984,2.349,1.749,2.589,3.499,2.329,3.509,2.999,3.039,2.449,1.519,2.129,1.399,2018
1985,Competitor-985,1.339,1.479,3.119,3.299,2.869,2.389,3.319,3.389,1.929,1.979,1.529,2.499,2018
1986,Competitor-986,1.889,2.799,3.259,3.189,2.239,2.469,2.779,2.989,2.329,1.609,1.909,1.959,2018
1987,Competitor-987,2.769,2.209,2.619,3.089,3.479,2.789,3.019,3.069,1.349,1.499,1.819,2.449,2018
1988,Competitor-988,1.649,1.359,2.499,3.399,3.169,3.259,2.969,3.089,1.709,1.709,2.769,2.089,2018
1989,Competitor-989,2.709,2.529,3.039,2.939,3.089,2.459,3.029,2.269,1.819,2.489,1.349,2.779,2018
1990,Competitor-990,1.719,1.639,2.509,3.429,2.989,3.059,2.269,2.739,2.629,2.179,2.059,2.339,2018
1991,Competitor-991,2.039,2.479,3.089,3.069,2.909,3.349,3.449,2.539,2.259,2.329,1.949,1.459,2018
1992,Competitor-992,2.709,2.449,3.249,2.759,3.409,3.489,2.689,2.949,2.509,1.589,2.489,1.459,2018
1993,Competitor-993,1.469,2.429,2.859,2.499,2.869,3.469,3.259,3.389,1.579,1.339,2.559,2.679,2018
1994,Competitor-994,2.379,2.169,2.729,3.489,2.829,3.469,3.369,3.009,2.799,1.799,2.189,1.319,2018
1995,Competitor-995,1.339,1.779,2.639,2.439,2.569,3.079,3.329,2.509,2.509,1.869,1.919,2.469,2018
1996,Competitor-996,2.389,1.809,2.439,3.299,3.329,3.049,3.149,3.089,2.749,2.039,1.849,2.569,2018
1997,Competitor-997,2.289,2.469,2.649,3.499,3.019,3.429,3.069,2.789,2.339,2.439,2.619,2.479,2018
1998,Competitor-998,2.539,2.449,3.389,2.759,2.589,2.729,2.239,2.909,1.909,1.759,2.659,1.779,2018
1999,Competitor-999,2.699,1.539,3.039,2.899,2.449,3.259,3.319,3.209,2.569,1.489,1.739,2.559,2018
2000,Competitor-1000,2.609,2.439,3.199,2.979,3.149,3.439,3.289,2.939,2.179,1.319,2.739,1.839,2018
